isDGA,letter_count,digit_count,biz,co.uk,com,com.br,de,info,ir,jp,net,org,ru,alexa,bamital,cryptolocker,gameoverdga,goz,legit,necurs,newgoz,nivdort
1,0.40625,0.0,0,1,0,0,0,0,0,0,0,0,0,0,0,1,0,0,0,0,0,0
1,0.5,0.37037037037037035,0,0,0,0,0,0,0,0,0,1,0,0,0,0,1,0,0,0,0,0
1,0.25,0.0,0,0,0,0,0,0,0,0,1,0,0,0,0,0,0,0,0,0,0,1
1,0.59375,0.25925925925925924,0,0,0,0,0,0,0,0,0,1,0,0,0,0,1,0,0,0,0,0
1,0.46875,0.3333333333333333,0,0,0,0,0,0,0,0,1,0,0,0,0,0,1,0,0,0,0,0
1,0.375,0.0,0,0,0,0,0,0,0,0,0,0,1,0,0,1,0,0,0,0,0,0
1,0.5625,0.2222222222222222,0,0,0,0,0,0,0,0,1,0,0,0,0,0,0,0,0,0,1,0
1,0.4375,0.0,0,1,0,0,0,0,0,0,0,0,0,0,0,1,0,0,0,0,0,0
1,0.375,0.0,0,0,0,0,0,0,0,0,0,0,1,0,0,1,0,0,0,0,0,0
1,0.40625,0.0,0,0,0,0,0,0,0,0,0,0,1,0,0,1,0,0,0,0,0,0
1,0.40625,0.0,0,0,0,0,0,0,0,0,0,0,1,0,0,1,0,0,0,0,0,0
1,0.46875,0.0,0,0,0,0,0,0,0,0,0,0,1,0,0,1,0,0,0,0,0,0
1,0.4375,0.0,0,0,0,0,0,0,0,0,0,0,1,0,0,1,0,0,0,0,0,0
1,0.46875,0.0,0,0,0,0,0,0,0,0,0,0,1,0,0,1,0,0,0,0,0,0
1,0.40625,0.0,0,0,0,0,0,0,1,0,0,0,0,0,0,0,0,0,0,1,0,0
1,0.40625,0.0,0,0,0,0,0,0,0,0,0,0,1,0,0,1,0,0,0,0,0,0
1,0.375,0.0,0,0,0,0,0,0,0,0,0,0,1,0,0,1,0,0,0,0,0,0
1,0.625,0.2222222222222222,1,0,0,0,0,0,0,0,0,0,0,0,0,0,0,0,0,0,1,0
1,0.5,0.37037037037037035,0,0,0,0,0,0,0,0,0,1,0,0,0,0,0,0,0,0,1,0
1,0.78125,0.0,0,0,0,0,0,0,0,0,0,0,1,0,0,0,0,1,0,0,0,0
1,0.46875,0.0,0,0,0,0,0,0,0,0,0,0,1,0,0,1,0,0,0,0,0,0
1,0.4375,0.0,0,0,0,0,0,0,0,0,1,0,0,0,0,1,0,0,0,0,0,0
1,0.40625,0.0,0,0,0,0,0,1,0,0,0,0,0,0,0,1,0,0,0,0,0,0
1,0.375,0.0,0,0,0,0,0,0,0,0,0,1,0,0,0,1,0,0,0,0,0,0
1,0.3125,0.0,0,0,0,0,0,0,0,0,1,0,0,0,0,0,0,0,0,0,0,1
1,0.90625,0.0,0,0,0,0,0,0,0,0,0,0,1,0,0,0,0,1,0,0,0,0
1,0.3125,0.0,0,0,0,0,0,0,0,0,1,0,0,0,0,0,0,0,0,0,0,1
1,0.84375,0.0,0,0,0,0,0,0,0,0,0,0,1,0,0,0,0,1,0,0,0,0
1,0.625,0.0,0,0,1,0,0,0,0,0,0,0,0,0,0,0,0,0,0,1,0,0
1,0.25,0.0,0,0,0,0,0,0,0,0,0,1,0,0,0,0,0,0,0,1,0,0
1,0.5,0.37037037037037035,0,0,0,0,0,0,0,0,1,0,0,0,0,0,1,0,0,0,0,0
1,0.65625,0.18518518518518517,0,0,0,0,0,0,0,0,1,0,0,0,0,0,0,0,0,0,1,0
1,0.375,0.0,0,0,0,0,0,0,0,0,0,0,1,0,0,1,0,0,0,0,0,0
1,0.375,0.0,0,0,0,0,0,0,0,0,0,0,1,0,0,1,0,0,0,0,0,0
1,0.375,0.0,0,0,0,0,0,0,0,0,0,0,1,0,0,1,0,0,0,0,0,0
1,0.40625,0.0,0,0,0,0,0,0,0,0,0,0,1,0,0,1,0,0,0,0,0,0
1,0.53125,0.3333333333333333,0,0,0,0,0,0,0,0,0,1,0,0,0,0,1,0,0,0,0,0
1,0.46875,0.4074074074074074,0,0,0,0,0,0,0,0,0,1,0,0,0,0,0,0,0,0,1,0
1,0.84375,0.0,0,0,0,0,0,0,0,0,0,0,1,0,0,0,0,1,0,0,0,0
1,0.375,0.0,0,0,0,0,0,0,0,0,0,0,1,0,0,1,0,0,0,0,0,0
1,0.53125,0.3333333333333333,0,0,0,0,0,0,0,0,1,0,0,0,0,0,1,0,0,0,0,0
1,0.5,0.4074074074074074,0,0,0,0,0,0,0,0,0,1,0,0,0,0,1,0,0,0,0,0
1,0.46875,0.0,0,0,0,0,0,0,0,0,0,0,1,0,0,1,0,0,0,0,0,0
1,0.8125,0.0,0,0,0,0,0,0,0,0,0,0,1,0,0,0,0,1,0,0,0,0
1,0.25,0.0,0,0,0,0,0,0,0,0,1,0,0,0,0,0,0,0,0,0,0,1
1,0.375,0.48148148148148145,0,0,1,0,0,0,0,0,0,0,0,0,0,0,1,0,0,0,0,0
1,0.375,0.0,0,0,0,0,0,0,0,0,0,0,1,0,0,1,0,0,0,0,0,0
1,0.4375,0.0,0,0,0,0,0,0,0,0,1,0,0,0,0,0,0,0,0,0,0,1
1,0.6875,0.2222222222222222,0,0,0,0,0,0,0,0,1,0,0,0,0,0,1,0,0,0,0,0
1,0.375,0.0,0,0,0,0,0,0,0,0,0,0,1,0,0,1,0,0,0,0,0,0
1,0.5625,0.3333333333333333,0,0,1,0,0,0,0,0,0,0,0,0,0,0,0,0,0,0,1,0
1,0.59375,0.3333333333333333,0,0,0,0,0,0,0,0,1,0,0,0,0,0,0,0,0,0,1,0
1,0.71875,0.0,0,0,0,0,0,0,0,0,0,0,1,0,0,0,0,1,0,0,0,0
1,0.40625,0.0,0,0,0,0,0,0,0,0,0,0,1,0,0,1,0,0,0,0,0,0
1,0.46875,0.0,0,0,0,0,0,0,0,0,0,0,1,0,0,1,0,0,0,0,0,0
1,0.8125,0.0,0,0,0,0,0,0,0,0,0,0,1,0,0,0,0,1,0,0,0,0
1,0.25,0.0,0,0,0,0,0,0,0,0,1,0,0,0,0,0,0,0,0,0,0,1
1,0.375,0.0,0,0,0,0,0,0,0,0,0,0,1,0,0,1,0,0,0,0,0,0
1,0.40625,0.0,0,0,0,0,0,0,0,0,0,0,1,0,0,1,0,0,0,0,0,0
1,0.375,0.0,0,0,0,0,0,0,0,0,0,0,1,0,0,1,0,0,0,0,0,0
1,0.8125,0.0,0,0,0,0,0,0,0,0,0,0,1,0,0,0,0,1,0,0,0,0
1,0.28125,0.0,0,0,0,0,0,0,0,0,1,0,0,0,0,0,0,0,0,0,0,1
1,0.625,0.0,0,0,0,0,0,0,1,0,0,0,0,0,0,0,0,0,0,1,0,0
1,0.40625,0.0,0,0,0,0,0,0,0,0,0,0,1,0,0,1,0,0,0,0,0,0
1,0.375,0.0,0,0,0,0,0,0,0,0,0,0,1,0,0,1,0,0,0,0,0,0
1,0.8125,0.0,0,0,0,0,0,0,0,0,0,0,1,0,0,0,0,1,0,0,0,0
1,0.25,0.0,0,0,0,0,0,0,0,0,1,0,0,0,0,0,0,0,0,0,0,1
1,0.375,0.0,0,0,0,0,0,0,0,0,0,0,1,0,0,1,0,0,0,0,0,0
1,0.6875,0.1111111111111111,0,0,1,0,0,0,0,0,0,0,0,0,0,0,0,0,0,0,1,0
1,0.5625,0.5185185185185185,0,0,0,0,0,0,0,0,0,1,0,0,1,0,0,0,0,0,0,0
1,0.46875,0.0,0,0,0,0,0,0,0,0,0,0,1,0,0,1,0,0,0,0,0,0
1,0.375,0.0,0,0,0,0,0,0,0,0,0,0,1,0,0,1,0,0,0,0,0,0
1,0.46875,0.0,0,0,0,0,0,0,0,0,0,0,1,0,0,0,0,0,0,1,0,0
1,0.625,0.2962962962962963,0,0,1,0,0,0,0,0,0,0,0,0,0,0,0,0,0,0,1,0
1,0.375,0.0,0,0,0,0,0,0,0,0,0,0,1,0,0,1,0,0,0,0,0,0
1,0.46875,0.0,0,0,0,0,0,0,0,0,0,0,1,0,0,1,0,0,0,0,0,0
1,0.375,0.0,0,0,0,0,0,0,0,0,0,1,0,0,0,1,0,0,0,0,0,0
1,0.375,0.0,0,0,1,0,0,0,0,0,0,0,0,0,0,1,0,0,0,0,0,0
1,0.8125,0.0,0,0,0,0,0,0,0,0,0,0,1,0,0,0,0,1,0,0,0,0
1,0.59375,0.0,0,0,0,0,0,0,1,0,0,0,0,0,0,0,0,0,0,1,0,0
1,0.40625,0.0,0,0,0,0,0,0,0,0,0,0,1,0,0,1,0,0,0,0,0,0
1,0.40625,0.0,0,0,0,0,0,0,0,0,0,0,1,0,0,1,0,0,0,0,0,0
1,0.46875,0.0,0,0,0,0,0,0,0,0,0,0,1,0,0,1,0,0,0,0,0,0
1,0.5,0.3333333333333333,1,0,0,0,0,0,0,0,0,0,0,0,0,0,0,0,0,0,1,0
1,0.4375,0.0,0,0,0,0,0,0,0,0,0,0,1,0,0,1,0,0,0,0,0,0
1,0.40625,0.0,0,0,0,0,0,0,0,0,0,0,1,0,0,1,0,0,0,0,0,0
1,0.5625,0.37037037037037035,0,0,0,0,0,0,0,0,0,1,0,0,0,0,0,0,0,0,1,0
1,0.4375,0.0,0,0,0,0,0,0,0,0,0,0,1,0,0,1,0,0,0,0,0,0
1,0.40625,0.0,1,0,0,0,0,0,0,0,0,0,0,0,0,1,0,0,0,0,0,0
1,0.71875,0.0,0,0,0,0,0,0,0,0,0,0,1,0,0,0,0,1,0,0,0,0
1,0.3125,0.0,0,0,0,0,0,0,0,0,1,0,0,0,0,0,0,0,0,0,0,1
1,0.28125,0.0,0,0,0,0,0,0,0,0,1,0,0,0,0,0,0,0,0,0,0,1
1,0.375,0.0,0,0,0,0,0,0,0,0,0,0,1,0,0,1,0,0,0,0,0,0
1,0.28125,0.0,0,0,0,0,0,0,0,0,1,0,0,0,0,0,0,0,0,0,0,1
1,0.53125,0.37037037037037035,0,0,0,0,0,0,0,0,1,0,0,0,0,0,1,0,0,0,0,0
1,0.71875,0.0,0,0,0,0,0,0,0,0,0,0,1,0,0,0,0,1,0,0,0,0
1,0.40625,0.0,0,0,0,0,0,0,0,0,0,0,1,0,0,1,0,0,0,0,0,0
1,0.4375,0.0,0,0,0,0,0,0,0,0,1,0,0,0,0,0,0,0,0,0,0,1
1,0.46875,0.0,0,0,0,0,0,0,0,0,0,0,1,0,0,1,0,0,0,0,0,0
1,0.28125,0.0,0,0,0,0,0,0,0,0,1,0,0,0,0,0,0,0,0,0,0,1
1,0.5,0.3333333333333333,0,0,1,0,0,0,0,0,0,0,0,0,0,0,0,0,0,0,1,0
1,0.28125,0.0,0,0,0,0,0,0,0,0,1,0,0,0,0,0,0,0,0,0,0,1
1,0.40625,0.0,0,0,0,0,0,0,0,0,0,0,1,0,0,1,0,0,0,0,0,0
1,0.40625,0.0,0,0,0,0,0,0,0,0,0,0,1,0,0,1,0,0,0,0,0,0
1,0.28125,0.0,0,0,0,0,0,0,0,0,1,0,0,0,0,0,0,0,0,0,0,1
1,0.40625,0.0,0,0,0,0,0,0,0,0,0,0,1,0,0,1,0,0,0,0,0,0
1,0.46875,0.0,0,0,0,0,0,0,0,1,0,0,0,0,0,0,0,0,0,1,0,0
1,0.40625,0.0,0,0,0,0,0,0,0,0,0,0,1,0,0,1,0,0,0,0,0,0
1,0.6875,0.0,0,0,0,0,0,0,0,0,0,0,1,0,0,0,0,1,0,0,0,0
1,0.40625,0.0,0,0,0,0,0,0,0,0,0,0,1,0,0,1,0,0,0,0,0,0
1,0.375,0.0,0,0,0,0,0,0,0,0,0,0,1,0,0,1,0,0,0,0,0,0
1,0.40625,0.0,0,0,0,0,0,0,0,0,0,0,1,0,0,1,0,0,0,0,0,0
1,0.59375,0.2222222222222222,0,0,1,0,0,0,0,0,0,0,0,0,0,0,1,0,0,0,0,0
1,0.75,0.0,0,0,0,0,0,0,0,0,0,0,1,0,0,0,0,1,0,0,0,0
1,0.40625,0.0,0,0,0,0,0,0,0,0,0,0,1,0,0,1,0,0,0,0,0,0
1,0.78125,0.0,0,0,0,0,0,0,0,0,0,0,1,0,0,0,0,1,0,0,0,0
1,0.28125,0.0,0,0,0,0,0,0,0,0,1,0,0,0,0,0,0,0,0,0,0,1
1,0.4375,0.0,0,0,0,0,0,0,0,0,0,0,1,0,0,1,0,0,0,0,0,0
1,0.40625,0.0,0,0,0,0,0,0,0,0,0,0,1,0,0,1,0,0,0,0,0,0
1,0.4375,0.37037037037037035,0,0,0,0,0,0,0,0,0,1,0,0,0,0,0,0,0,0,1,0
1,0.875,0.0,0,0,0,0,0,0,0,0,0,0,1,0,0,0,0,1,0,0,0,0
1,0.40625,0.0,0,0,0,0,0,0,0,0,0,0,1,0,0,1,0,0,0,0,0,0
1,0.5625,0.25925925925925924,1,0,0,0,0,0,0,0,0,0,0,0,0,0,1,0,0,0,0,0
1,0.53125,0.3333333333333333,1,0,0,0,0,0,0,0,0,0,0,0,0,0,0,0,0,0,1,0
1,0.59375,0.25925925925925924,0,0,0,0,0,0,0,0,1,0,0,0,0,0,1,0,0,0,0,0
1,0.40625,0.0,0,0,0,0,0,0,0,0,0,0,1,0,0,1,0,0,0,0,0,0
1,0.375,0.0,0,0,0,0,0,0,0,0,0,0,1,0,0,1,0,0,0,0,0,0
1,0.5,0.3333333333333333,0,0,1,0,0,0,0,0,0,0,0,0,0,0,1,0,0,0,0,0
1,0.59375,0.25925925925925924,0,0,1,0,0,0,0,0,0,0,0,0,0,0,0,0,0,0,1,0
1,0.40625,0.0,0,0,0,0,0,0,0,0,0,0,1,0,0,1,0,0,0,0,0,0
1,0.53125,0.5555555555555556,0,0,0,0,0,0,0,0,0,1,0,0,1,0,0,0,0,0,0,0
1,0.46875,0.0,0,0,0,0,0,0,0,0,1,0,0,0,0,1,0,0,0,0,0,0
1,0.46875,0.0,0,0,0,0,0,0,0,0,0,0,1,0,0,1,0,0,0,0,0,0
1,0.625,0.18518518518518517,0,0,0,0,0,0,0,0,1,0,0,0,0,0,1,0,0,0,0,0
1,0.40625,0.0,0,0,1,0,0,0,0,0,0,0,0,0,0,1,0,0,0,0,0,0
1,0.6875,0.07407407407407407,1,0,0,0,0,0,0,0,0,0,0,0,0,0,0,0,0,0,1,0
1,0.71875,0.0,0,0,0,0,0,0,0,0,0,0,1,0,0,0,0,1,0,0,0,0
1,0.40625,0.0,0,0,0,0,0,0,0,0,0,0,1,0,0,1,0,0,0,0,0,0
1,0.53125,0.2962962962962963,0,0,0,0,0,0,0,0,1,0,0,0,0,0,1,0,0,0,0,0
1,0.375,0.0,0,0,0,0,0,0,0,0,0,0,1,0,0,1,0,0,0,0,0,0
1,0.40625,0.0,0,0,0,0,0,0,0,0,0,0,1,0,0,1,0,0,0,0,0,0
1,0.5625,0.2222222222222222,0,0,0,0,0,0,0,0,1,0,0,0,0,0,0,0,0,0,1,0
1,0.4375,0.0,0,0,0,0,0,0,0,0,0,1,0,0,0,1,0,0,0,0,0,0
1,0.59375,0.25925925925925924,0,0,0,0,0,0,0,0,0,1,0,0,0,0,0,0,0,0,1,0
1,0.5,0.3333333333333333,1,0,0,0,0,0,0,0,0,0,0,0,0,0,0,0,0,0,1,0
1,0.4375,0.0,0,0,0,0,0,0,0,0,0,0,1,0,0,1,0,0,0,0,0,0
1,0.625,0.2222222222222222,0,0,0,0,0,0,0,0,0,1,0,0,0,0,1,0,0,0,0,0
1,0.46875,0.4444444444444444,1,0,0,0,0,0,0,0,0,0,0,0,0,0,1,0,0,0,0,0
1,0.375,0.0,0,0,0,0,0,0,0,0,0,0,1,0,0,1,0,0,0,0,0,0
1,0.40625,0.0,0,1,0,0,0,0,0,0,0,0,0,0,0,1,0,0,0,0,0,0
1,0.375,0.0,0,0,0,0,0,0,0,0,1,0,0,0,0,1,0,0,0,0,0,0
1,0.71875,0.0,0,0,0,0,0,0,0,0,0,0,1,0,0,0,0,1,0,0,0,0
1,0.4375,0.0,0,0,0,0,0,0,0,0,0,0,1,0,0,1,0,0,0,0,0,0
1,0.5,0.3333333333333333,0,0,1,0,0,0,0,0,0,0,0,0,0,0,0,0,0,0,1,0
1,0.25,0.0,0,0,0,0,0,0,0,0,1,0,0,0,0,0,0,0,0,0,0,1
1,0.4375,0.0,0,0,0,0,0,0,0,0,0,0,1,0,0,1,0,0,0,0,0,0
1,0.5,0.37037037037037035,0,0,0,0,0,0,0,0,1,0,0,0,0,0,1,0,0,0,0,0
1,0.375,0.0,0,0,0,0,0,0,0,0,0,0,1,0,0,1,0,0,0,0,0,0
1,0.375,0.0,0,0,0,0,0,0,0,0,0,0,1,0,0,1,0,0,0,0,0,0
1,0.46875,0.0,0,0,0,0,0,0,0,0,0,0,1,0,0,1,0,0,0,0,0,0
1,0.4375,0.0,0,0,0,0,0,0,0,0,0,0,1,0,0,1,0,0,0,0,0,0
1,0.40625,0.0,0,0,0,0,0,0,0,0,0,0,1,0,0,1,0,0,0,0,0,0
1,0.4375,0.0,0,0,0,0,0,0,0,0,0,0,1,0,0,1,0,0,0,0,0,0
1,0.9375,0.0,0,0,0,0,0,0,0,0,0,0,1,0,0,0,0,1,0,0,0,0
1,0.40625,0.0,0,0,0,0,0,0,0,0,0,0,1,0,0,1,0,0,0,0,0,0
1,0.46875,0.4444444444444444,0,0,0,0,0,0,0,0,0,1,0,0,0,0,1,0,0,0,0,0
1,0.46875,0.0,0,0,0,0,0,0,0,0,0,0,1,0,0,1,0,0,0,0,0,0
1,0.46875,0.0,0,0,0,0,0,0,0,0,0,0,1,0,0,1,0,0,0,0,0,0
1,0.375,0.0,0,0,0,0,0,0,0,0,0,0,1,0,0,1,0,0,0,0,0,0
1,0.375,0.0,0,0,0,0,0,0,0,0,0,0,1,0,0,1,0,0,0,0,0,0
1,0.4375,0.0,0,0,0,0,0,0,0,0,0,0,1,0,0,1,0,0,0,0,0,0
1,0.46875,0.0,0,0,0,0,0,0,0,0,0,0,1,0,0,1,0,0,0,0,0,0
1,0.5625,0.25925925925925924,1,0,0,0,0,0,0,0,0,0,0,0,0,0,1,0,0,0,0,0
1,0.65625,0.2222222222222222,0,0,0,0,0,0,0,0,1,0,0,0,0,0,0,0,0,0,1,0
1,0.46875,0.0,0,0,0,0,0,0,0,0,0,0,1,0,0,1,0,0,0,0,0,0
1,0.53125,0.37037037037037035,0,0,0,0,0,0,0,0,1,0,0,0,0,0,0,0,0,0,1,0
1,0.4375,0.0,0,0,0,0,0,0,0,0,0,0,1,0,0,1,0,0,0,0,0,0
1,0.375,0.0,0,0,0,0,0,0,0,0,0,0,1,0,0,1,0,0,0,0,0,0
1,0.40625,0.0,0,0,0,0,0,0,0,0,0,0,1,0,0,1,0,0,0,0,0,0
1,0.78125,0.0,0,0,0,0,0,0,0,0,0,0,1,0,0,0,0,1,0,0,0,0
1,0.59375,0.2222222222222222,1,0,0,0,0,0,0,0,0,0,0,0,0,0,1,0,0,0,0,0
1,0.5625,0.2962962962962963,0,0,0,0,0,0,0,0,0,1,0,0,0,0,0,0,0,0,1,0
1,0.375,0.0,0,0,0,0,0,0,0,0,0,0,1,0,0,1,0,0,0,0,0,0
1,0.46875,0.0,0,0,0,0,0,0,0,0,0,0,1,0,0,1,0,0,0,0,0,0
1,0.375,0.0,0,0,0,0,0,0,0,0,1,0,0,0,0,1,0,0,0,0,0,0
1,0.375,0.0,0,0,1,0,0,0,0,0,0,0,0,0,0,1,0,0,0,0,0,0
1,0.40625,0.0,0,0,0,0,0,0,0,0,0,0,1,0,0,1,0,0,0,0,0,0
1,0.625,0.2222222222222222,1,0,0,0,0,0,0,0,0,0,0,0,0,0,0,0,0,0,1,0
1,0.65625,0.07407407407407407,0,0,0,0,0,0,0,0,1,0,0,0,0,0,1,0,0,0,0,0
1,0.46875,0.0,0,0,0,0,0,0,0,0,0,0,1,0,0,1,0,0,0,0,0,0
1,0.5,0.37037037037037035,1,0,0,0,0,0,0,0,0,0,0,0,0,0,0,0,0,0,1,0
1,0.46875,0.4074074074074074,0,0,0,0,0,0,0,0,1,0,0,0,0,0,0,0,0,0,1,0
1,0.4375,0.0,0,0,0,0,0,0,0,0,0,0,1,0,0,1,0,0,0,0,0,0
1,0.53125,0.3333333333333333,0,0,0,0,0,0,0,0,1,0,0,0,0,0,1,0,0,0,0,0
1,0.375,0.0,0,0,0,0,0,0,0,0,0,0,1,0,0,1,0,0,0,0,0,0
1,0.46875,0.4074074074074074,1,0,0,0,0,0,0,0,0,0,0,0,0,0,0,0,0,0,1,0
1,0.4375,0.4074074074074074,0,0,0,0,0,0,0,0,1,0,0,0,0,0,1,0,0,0,0,0
1,0.375,0.0,0,0,0,0,0,0,0,0,0,0,1,0,0,1,0,0,0,0,0,0
1,0.375,0.0,0,0,0,0,0,0,0,0,0,0,1,0,0,1,0,0,0,0,0,0
1,0.375,0.0,0,0,0,0,0,0,0,0,0,0,1,0,0,1,0,0,0,0,0,0
1,0.4375,0.0,0,0,0,0,0,0,0,0,0,0,1,0,0,1,0,0,0,0,0,0
1,0.5,0.4074074074074074,0,0,0,0,0,0,0,0,1,0,0,0,0,0,0,0,0,0,1,0
1,0.625,0.2222222222222222,0,0,0,0,0,0,0,0,1,0,0,0,0,0,1,0,0,0,0,0
1,0.3125,0.0,0,0,0,0,0,0,0,0,1,0,0,0,0,0,0,0,0,0,0,1
1,0.59375,0.2222222222222222,0,0,1,0,0,0,0,0,0,0,0,0,0,0,0,0,0,0,1,0
1,0.46875,0.0,0,1,0,0,0,0,0,0,0,0,0,0,0,1,0,0,0,0,0,0
1,0.375,0.0,0,0,0,0,0,0,0,0,0,0,1,0,0,1,0,0,0,0,0,0
1,0.75,0.0,0,0,0,0,0,0,0,0,0,0,1,0,0,0,0,1,0,0,0,0
1,0.5625,0.2962962962962963,0,0,0,0,0,0,0,0,1,0,0,0,0,0,1,0,0,0,0,0
1,0.53125,0.3333333333333333,0,0,0,0,0,0,0,0,1,0,0,0,0,0,0,0,0,0,1,0
1,0.3125,0.0,0,0,0,0,0,0,0,0,1,0,0,0,0,0,0,0,0,0,0,1
1,0.5,0.37037037037037035,0,0,0,0,0,0,0,0,1,0,0,0,0,0,1,0,0,0,0,0
1,0.5625,0.25925925925925924,0,0,0,0,0,0,0,0,0,1,0,0,0,0,1,0,0,0,0,0
1,0.53125,0.3333333333333333,0,0,1,0,0,0,0,0,0,0,0,0,0,0,1,0,0,0,0,0
1,0.4375,0.0,0,0,0,0,0,0,0,0,0,0,1,0,0,1,0,0,0,0,0,0
1,0.4375,0.0,0,0,1,0,0,0,0,0,0,0,0,0,0,1,0,0,0,0,0,0
1,0.40625,0.0,0,0,0,0,0,0,0,0,0,0,1,0,0,1,0,0,0,0,0,0
1,0.78125,0.0,0,0,0,0,0,0,0,0,0,0,1,0,0,0,0,1,0,0,0,0
1,0.5625,0.3333333333333333,0,0,0,0,0,0,0,0,1,0,0,0,0,0,0,0,0,0,1,0
1,0.375,0.0,0,0,1,0,0,0,0,0,0,0,0,0,0,1,0,0,0,0,0,0
1,0.25,0.0,0,0,0,0,0,0,0,0,1,0,0,0,0,0,0,0,0,0,0,1
1,0.625,0.0,1,0,0,0,0,0,0,0,0,0,0,0,0,0,0,0,0,1,0,0
1,0.375,0.0,1,0,0,0,0,0,0,0,0,0,0,0,0,1,0,0,0,0,0,0
1,0.53125,0.2962962962962963,0,0,0,0,0,0,0,0,0,1,0,0,0,0,0,0,0,0,1,0
1,0.375,0.0,0,0,0,0,0,0,0,0,0,0,1,0,0,1,0,0,0,0,0,0
1,0.375,0.0,0,0,0,0,0,0,0,0,0,0,1,0,0,1,0,0,0,0,0,0
1,0.46875,0.0,0,0,0,0,0,0,0,0,0,0,1,0,0,1,0,0,0,0,0,0
1,0.6875,0.14814814814814814,1,0,0,0,0,0,0,0,0,0,0,0,0,0,1,0,0,0,0,0
1,0.625,0.14814814814814814,0,0,0,0,0,0,0,0,0,1,0,0,0,0,0,0,0,0,1,0
1,0.53125,0.5555555555555556,0,0,0,0,0,0,0,0,0,1,0,0,1,0,0,0,0,0,0,0
1,0.46875,0.0,0,0,0,0,0,0,0,0,0,0,1,0,0,1,0,0,0,0,0,0
1,0.3125,0.0,0,0,0,0,0,0,0,0,1,0,0,0,0,0,0,0,0,0,0,1
1,0.625,0.25925925925925924,0,0,0,0,0,0,0,0,1,0,0,0,0,0,1,0,0,0,0,0
1,0.5625,0.3333333333333333,0,0,1,0,0,0,0,0,0,0,0,0,0,0,1,0,0,0,0,0
1,0.25,0.0,0,0,0,0,0,0,0,0,1,0,0,0,0,0,0,0,0,0,0,1
1,0.25,0.0,0,0,0,0,0,0,0,0,1,0,0,0,0,0,0,0,0,0,0,1
1,0.3125,0.0,0,0,0,0,0,0,0,0,1,0,0,0,0,0,0,0,0,0,0,1
1,0.40625,0.0,0,0,0,0,0,0,0,0,0,0,1,0,0,1,0,0,0,0,0,0
1,0.34375,0.0,0,0,0,0,0,0,0,0,1,0,0,0,0,0,0,0,0,0,0,1
1,0.40625,0.0,0,0,0,0,0,0,0,0,0,0,1,0,0,1,0,0,0,0,0,0
1,0.46875,0.0,0,0,0,0,0,0,0,0,0,0,1,0,0,1,0,0,0,0,0,0
1,0.8125,0.0,0,0,0,0,0,0,0,0,0,0,1,0,0,0,0,1,0,0,0,0
1,0.5625,0.0,0,0,0,0,0,0,0,0,1,0,0,0,0,0,0,0,0,1,0,0
1,0.28125,0.0,0,0,0,0,0,0,0,0,1,0,0,0,0,0,0,0,0,0,0,1
1,0.28125,0.0,0,0,0,0,0,0,0,0,1,0,0,0,0,0,0,0,0,0,0,1
1,0.375,0.0,0,0,0,0,0,0,0,0,0,0,1,0,0,1,0,0,0,0,0,0
1,0.40625,0.0,0,0,0,0,0,0,0,0,0,0,1,0,0,1,0,0,0,0,0,0
1,0.40625,0.0,0,0,0,0,0,0,0,0,0,0,1,0,0,1,0,0,0,0,0,0
1,0.40625,0.0,0,0,0,0,0,0,0,0,0,0,1,0,0,1,0,0,0,0,0,0
1,0.46875,0.2962962962962963,0,0,1,0,0,0,0,0,0,0,0,0,0,0,0,0,0,0,1,0
1,0.4375,0.0,0,0,0,0,0,0,0,0,0,0,1,0,0,1,0,0,0,0,0,0
1,0.4375,0.0,1,0,0,0,0,0,0,0,0,0,0,0,0,1,0,0,0,0,0,0
1,0.84375,0.0,0,0,0,0,0,0,0,0,0,0,1,0,0,0,0,1,0,0,0,0
1,0.375,0.0,0,0,1,0,0,0,0,0,0,0,0,0,0,1,0,0,0,0,0,0
1,0.875,0.0,0,0,0,0,0,0,0,0,0,0,1,0,0,0,0,1,0,0,0,0
1,0.4375,0.0,0,0,0,0,0,1,0,0,0,0,0,0,0,1,0,0,0,0,0,0
1,0.53125,0.25925925925925924,0,0,1,0,0,0,0,0,0,0,0,0,0,0,1,0,0,0,0,0
1,0.5625,0.2962962962962963,0,0,0,0,0,0,0,0,1,0,0,0,0,0,0,0,0,0,1,0
1,0.6875,0.0,0,0,0,0,0,0,0,0,0,0,1,0,0,0,0,1,0,0,0,0
1,0.625,0.14814814814814814,1,0,0,0,0,0,0,0,0,0,0,0,0,0,1,0,0,0,0,0
1,0.78125,0.0,0,0,0,0,0,0,0,0,0,0,1,0,0,0,0,1,0,0,0,0
1,0.375,0.0,0,0,0,0,0,0,0,0,0,0,1,0,0,1,0,0,0,0,0,0
1,0.375,0.0,0,0,1,0,0,0,0,0,0,0,0,0,0,1,0,0,0,0,0,0
1,0.4375,0.0,0,0,1,0,0,0,0,0,0,0,0,0,0,1,0,0,0,0,0,0
1,0.40625,0.0,0,0,0,0,0,0,0,0,0,0,1,0,0,1,0,0,0,0,0,0
1,0.65625,0.0,0,0,0,0,0,0,0,0,0,0,1,0,0,0,0,1,0,0,0,0
1,0.4375,0.0,0,0,0,0,0,0,0,0,0,0,1,0,0,1,0,0,0,0,0,0
1,0.4375,0.0,0,0,0,0,0,0,0,0,0,0,1,0,0,1,0,0,0,0,0,0
1,0.5625,0.37037037037037035,0,0,0,0,0,0,0,0,1,0,0,0,0,0,1,0,0,0,0,0
1,0.4375,0.0,0,0,0,0,0,0,0,0,0,0,1,0,0,1,0,0,0,0,0,0
1,0.40625,0.0,0,0,0,0,0,0,0,0,0,0,1,0,0,1,0,0,0,0,0,0
1,0.375,0.0,0,0,0,0,0,0,0,0,1,0,0,0,0,0,0,0,0,1,0,0
1,0.4375,0.0,0,0,0,0,0,0,0,0,1,0,0,0,0,1,0,0,0,0,0,0
1,0.375,0.0,0,0,0,0,0,1,0,0,0,0,0,0,0,1,0,0,0,0,0,0
1,0.40625,0.0,0,0,0,0,0,0,0,0,0,0,1,0,0,1,0,0,0,0,0,0
1,0.4375,0.0,0,0,0,0,0,0,0,0,0,0,1,0,0,1,0,0,0,0,0,0
1,0.46875,0.0,0,0,0,0,0,0,0,0,0,0,1,0,0,1,0,0,0,0,0,0
1,0.84375,0.0,0,0,0,0,0,0,0,0,0,0,1,0,0,0,0,1,0,0,0,0
1,0.46875,0.0,0,0,0,0,0,0,0,0,1,0,0,0,0,1,0,0,0,0,0,0
1,0.3125,0.0,0,0,1,0,0,0,0,0,0,0,0,0,0,0,0,0,0,1,0,0
1,0.40625,0.0,0,0,0,0,0,0,0,0,0,0,1,0,0,1,0,0,0,0,0,0
1,0.5625,0.37037037037037035,0,0,0,0,0,0,0,0,1,0,0,0,0,0,0,0,0,0,1,0
1,0.5,0.37037037037037035,1,0,0,0,0,0,0,0,0,0,0,0,0,0,1,0,0,0,0,0
1,0.46875,0.37037037037037035,0,0,1,0,0,0,0,0,0,0,0,0,0,0,0,0,0,0,1,0
1,0.375,0.0,0,0,0,0,0,0,0,0,0,0,1,0,0,1,0,0,0,0,0,0
1,0.375,0.0,0,0,0,0,0,0,0,0,0,0,1,0,0,1,0,0,0,0,0,0
1,0.3125,0.0,0,0,0,0,0,0,0,0,1,0,0,0,0,0,0,0,0,0,0,1
1,0.40625,0.0,0,0,0,0,0,1,0,0,0,0,0,0,0,1,0,0,0,0,0,0
1,0.375,0.0,0,0,0,0,0,0,0,0,0,0,1,0,0,1,0,0,0,0,0,0
1,0.6875,0.18518518518518517,0,0,0,0,0,0,0,0,1,0,0,0,0,0,1,0,0,0,0,0
1,0.375,0.0,0,0,0,0,0,0,0,0,0,0,1,0,0,1,0,0,0,0,0,0
1,0.625,0.25925925925925924,0,0,0,0,0,0,0,0,1,0,0,0,0,0,0,0,0,0,1,0
1,0.46875,0.0,0,0,0,0,0,0,0,0,0,0,1,0,0,1,0,0,0,0,0,0
1,0.40625,0.0,0,0,0,0,0,0,0,0,0,0,1,0,0,1,0,0,0,0,0,0
1,0.40625,0.0,0,0,0,0,0,0,0,0,0,0,1,0,0,1,0,0,0,0,0,0
1,0.4375,0.0,0,0,0,0,0,0,0,0,0,0,1,0,0,1,0,0,0,0,0,0
1,0.3125,0.0,0,0,0,0,0,0,0,0,1,0,0,0,0,0,0,0,0,0,0,1
1,0.40625,0.0,0,0,0,0,0,0,0,0,0,0,1,0,0,1,0,0,0,0,0,0
1,0.4375,0.0,0,0,0,0,0,0,0,0,0,0,1,0,0,1,0,0,0,0,0,0
1,0.3125,0.0,0,0,0,0,0,0,0,0,1,0,0,0,0,0,0,0,0,0,0,1
1,0.53125,0.37037037037037035,0,0,0,0,0,0,0,0,0,1,0,0,0,0,1,0,0,0,0,0
1,0.40625,0.0,0,0,0,0,0,0,0,0,1,0,0,0,0,0,0,0,0,0,0,1
1,0.375,0.0,0,0,0,0,0,0,0,0,0,0,1,0,0,1,0,0,0,0,0,0
1,0.875,0.0,0,0,0,0,0,0,0,0,0,0,1,0,0,0,0,1,0,0,0,0
1,0.28125,0.0,0,0,0,0,0,0,0,0,1,0,0,0,0,0,0,0,0,0,0,1
1,0.3125,0.0,0,0,0,0,0,0,0,0,1,0,0,0,0,0,0,0,0,0,0,1
1,0.40625,0.0,0,1,0,0,0,0,0,0,0,0,0,0,0,1,0,0,0,0,0,0
1,0.5625,0.3333333333333333,1,0,0,0,0,0,0,0,0,0,0,0,0,0,0,0,0,0,1,0
1,0.375,0.0,0,0,0,0,0,0,0,0,1,0,0,0,0,0,0,0,0,0,0,1
1,0.65625,0.0,0,0,0,0,0,0,0,0,0,0,1,0,0,0,0,1,0,0,0,0
1,0.375,0.0,0,0,0,0,0,0,0,0,0,1,0,0,0,1,0,0,0,0,0,0
1,0.4375,0.0,0,0,0,0,0,0,0,0,0,0,1,0,0,1,0,0,0,0,0,0
1,0.40625,0.48148148148148145,0,0,1,0,0,0,0,0,0,0,0,0,0,0,0,0,0,0,1,0
1,0.375,0.0,0,0,0,0,0,1,0,0,0,0,0,0,0,1,0,0,0,0,0,0
1,0.25,0.0,0,0,0,0,1,0,0,0,0,0,0,0,0,0,0,0,0,1,0,0
1,0.40625,0.0,0,0,0,0,0,0,0,0,0,0,1,0,0,1,0,0,0,0,0,0
1,0.59375,0.2222222222222222,0,0,1,0,0,0,0,0,0,0,0,0,0,0,1,0,0,0,0,0
1,0.625,0.0,0,0,0,0,0,0,0,0,0,0,1,0,0,0,0,1,0,0,0,0
1,0.375,0.0,0,0,0,0,0,0,0,0,0,0,1,0,0,1,0,0,0,0,0,0
1,0.46875,0.0,0,0,0,0,0,0,0,0,0,0,1,0,0,1,0,0,0,0,0,0
1,0.375,0.0,0,0,0,0,0,0,0,0,0,0,1,0,0,1,0,0,0,0,0,0
1,0.5625,0.2222222222222222,0,0,0,0,0,0,0,0,0,1,0,0,0,0,1,0,0,0,0,0
1,0.25,0.0,0,0,0,0,0,0,0,0,1,0,0,0,0,0,0,0,0,0,0,1
1,0.375,0.0,0,0,0,0,0,0,0,0,0,0,1,0,0,1,0,0,0,0,0,0
1,0.40625,0.0,0,0,0,0,0,1,0,0,0,0,0,0,0,1,0,0,0,0,0,0
1,0.375,0.0,0,0,0,0,0,0,0,0,0,0,1,0,0,1,0,0,0,0,0,0
1,0.375,0.0,0,0,0,0,0,0,0,0,0,0,1,0,0,1,0,0,0,0,0,0
1,0.84375,0.0,0,0,0,0,0,0,0,0,0,0,1,0,0,0,0,1,0,0,0,0
1,0.375,0.0,0,0,0,0,0,0,0,0,0,0,1,0,0,1,0,0,0,0,0,0
1,0.8125,0.0,0,0,0,0,0,0,0,0,0,0,1,0,0,0,0,1,0,0,0,0
1,0.375,0.0,0,0,1,0,0,0,0,0,0,0,0,0,0,1,0,0,0,0,0,0
1,0.5,0.4074074074074074,0,0,0,0,0,0,0,0,1,0,0,0,0,0,0,0,0,0,1,0
1,0.75,0.0,0,0,0,0,0,0,0,0,0,0,1,0,0,0,0,1,0,0,0,0
1,0.9375,0.0,0,0,0,0,0,0,0,0,0,0,1,0,0,0,0,1,0,0,0,0
1,0.375,0.0,0,0,0,0,0,0,0,0,0,0,1,0,0,1,0,0,0,0,0,0
1,0.40625,0.0,0,0,0,0,0,0,0,0,0,0,1,0,0,1,0,0,0,0,0,0
1,0.53125,0.0,0,0,0,0,0,0,0,0,1,0,0,0,0,0,0,0,0,0,0,1
1,0.375,0.0,0,0,0,0,0,0,0,0,0,0,1,0,0,1,0,0,0,0,0,0
1,0.4375,0.0,0,0,0,0,0,0,0,0,0,0,1,0,0,1,0,0,0,0,0,0
1,0.46875,0.4074074074074074,0,0,1,0,0,0,0,0,0,0,0,0,0,0,1,0,0,0,0,0
1,0.46875,0.37037037037037035,0,0,1,0,0,0,0,0,0,0,0,0,0,0,1,0,0,0,0,0
1,0.40625,0.0,0,0,0,0,0,0,0,0,0,0,1,0,0,1,0,0,0,0,0,0
1,0.28125,0.0,0,0,0,0,0,0,0,0,1,0,0,0,0,0,0,0,0,0,0,1
1,0.375,0.0,0,0,0,0,0,0,0,0,0,0,1,0,0,1,0,0,0,0,0,0
1,0.53125,0.3333333333333333,1,0,0,0,0,0,0,0,0,0,0,0,0,0,0,0,0,0,1,0
1,0.6875,0.18518518518518517,1,0,0,0,0,0,0,0,0,0,0,0,0,0,1,0,0,0,0,0
1,0.40625,0.0,0,0,0,0,0,0,0,0,0,0,1,0,0,1,0,0,0,0,0,0
1,0.375,0.0,0,0,0,0,0,0,0,0,0,0,1,0,0,1,0,0,0,0,0,0
1,0.46875,0.6296296296296295,0,0,0,0,0,0,0,0,0,1,0,0,1,0,0,0,0,0,0,0
1,0.375,0.0,0,0,0,0,0,0,0,0,0,0,1,0,0,1,0,0,0,0,0,0
1,0.40625,0.0,0,0,0,0,0,0,0,0,0,0,1,0,0,1,0,0,0,0,0,0
1,0.4375,0.4074074074074074,0,0,1,0,0,0,0,0,0,0,0,0,0,0,1,0,0,0,0,0
1,0.4375,0.0,0,0,0,0,0,0,0,0,1,0,0,0,0,0,0,0,0,0,0,1
1,0.65625,0.2222222222222222,0,0,0,0,0,0,0,0,0,1,0,0,0,0,1,0,0,0,0,0
1,0.46875,0.0,0,0,0,0,0,0,0,0,0,0,1,0,0,1,0,0,0,0,0,0
1,0.40625,0.0,0,0,0,0,0,0,0,0,0,0,1,0,0,1,0,0,0,0,0,0
1,0.5625,0.2222222222222222,0,0,0,0,0,0,0,0,1,0,0,0,0,0,0,0,0,0,1,0
1,0.5625,0.2962962962962963,1,0,0,0,0,0,0,0,0,0,0,0,0,0,1,0,0,0,0,0
1,0.5,0.4074074074074074,0,0,0,0,0,0,0,0,0,1,0,0,0,0,1,0,0,0,0,0
1,0.46875,0.0,1,0,0,0,0,0,0,0,0,0,0,0,0,1,0,0,0,0,0,0
1,0.4375,0.0,0,0,0,0,0,0,0,0,0,0,1,0,0,1,0,0,0,0,0,0
1,0.4375,0.0,0,0,0,0,1,0,0,0,0,0,0,0,0,0,0,0,0,1,0,0
1,0.5625,0.25925925925925924,0,0,0,0,0,0,0,0,0,1,0,0,0,0,0,0,0,0,1,0
1,0.25,0.0,0,0,0,0,0,0,0,0,1,0,0,0,0,0,0,0,0,0,0,1
1,0.375,0.0,1,0,0,0,0,0,0,0,0,0,0,0,0,1,0,0,0,0,0,0
1,0.40625,0.0,0,0,0,0,0,0,0,0,0,0,1,0,0,1,0,0,0,0,0,0
1,0.40625,0.0,0,0,0,0,0,0,0,0,0,0,1,0,0,1,0,0,0,0,0,0
1,0.3125,0.0,0,0,1,0,0,0,0,0,0,0,0,0,0,0,0,0,0,1,0,0
1,0.46875,0.0,0,0,0,0,0,0,0,0,0,0,1,0,0,1,0,0,0,0,0,0
1,0.84375,0.0,0,0,0,0,0,0,0,0,0,0,1,0,0,0,0,1,0,0,0,0
1,0.25,0.0,0,0,0,0,0,0,0,0,1,0,0,0,0,0,0,0,0,0,0,1
1,0.28125,0.0,0,0,0,0,0,0,0,0,1,0,0,0,0,0,0,0,0,0,0,1
1,0.4375,0.0,0,0,0,0,0,0,0,0,0,0,1,0,0,1,0,0,0,0,0,0
1,0.53125,0.37037037037037035,0,0,0,0,0,0,0,0,0,1,0,0,0,0,0,0,0,0,1,0
1,0.6875,0.18518518518518517,0,0,0,0,0,0,0,0,0,1,0,0,0,0,0,0,0,0,1,0
1,0.40625,0.0,0,0,0,0,0,0,0,0,0,0,1,0,0,1,0,0,0,0,0,0
1,0.4375,0.0,0,0,0,0,0,0,0,0,0,0,1,0,0,1,0,0,0,0,0,0
1,0.46875,0.0,0,0,0,0,0,0,0,0,0,0,1,0,0,1,0,0,0,0,0,0
1,0.46875,0.0,0,0,0,0,0,0,0,0,0,0,1,0,0,1,0,0,0,0,0,0
1,0.40625,0.0,0,0,0,0,0,0,0,0,0,0,1,0,0,1,0,0,0,0,0,0
1,0.28125,0.0,0,0,0,0,0,0,0,0,1,0,0,0,0,0,0,0,0,0,0,1
1,0.4375,0.4444444444444444,1,0,0,0,0,0,0,0,0,0,0,0,0,0,1,0,0,0,0,0
1,0.46875,0.0,0,0,0,0,0,0,0,0,0,0,1,0,0,1,0,0,0,0,0,0
1,0.59375,0.25925925925925924,0,0,0,0,0,0,0,0,1,0,0,0,0,0,1,0,0,0,0,0
1,0.46875,0.0,0,0,0,0,0,0,0,0,0,0,1,0,0,1,0,0,0,0,0,0
1,0.5625,0.2962962962962963,0,0,0,0,0,0,0,0,0,1,0,0,0,0,0,0,0,0,1,0
1,0.5,0.37037037037037035,0,0,0,0,0,0,0,0,0,1,0,0,0,0,1,0,0,0,0,0
1,0.59375,0.25925925925925924,0,0,1,0,0,0,0,0,0,0,0,0,0,0,0,0,0,0,1,0
1,0.46875,0.37037037037037035,0,0,0,0,0,0,0,0,0,1,0,0,0,0,0,0,0,0,1,0
1,0.375,0.0,0,0,0,0,0,0,0,0,0,0,1,0,0,1,0,0,0,0,0,0
1,0.40625,0.0,0,0,0,0,0,0,0,0,0,0,1,0,0,1,0,0,0,0,0,0
1,0.3125,0.0,0,0,0,0,0,0,0,0,1,0,0,0,0,0,0,0,0,0,0,1
1,0.46875,0.0,0,0,1,0,0,0,0,0,0,0,0,0,0,1,0,0,0,0,0,0
1,0.5,0.3333333333333333,0,0,0,0,0,0,0,0,1,0,0,0,0,0,0,0,0,0,1,0
1,0.4375,0.0,0,0,0,0,0,0,0,0,0,0,1,0,0,1,0,0,0,0,0,0
1,0.375,0.7407407407407407,0,0,0,0,0,0,0,0,0,1,0,0,1,0,0,0,0,0,0,0
1,0.90625,0.0,0,0,0,0,0,0,0,0,0,0,1,0,0,0,0,1,0,0,0,0
1,0.65625,0.2222222222222222,0,0,0,0,0,0,0,0,0,1,0,0,0,0,0,0,0,0,1,0
1,0.46875,0.0,0,0,0,0,0,0,0,0,0,0,1,0,0,1,0,0,0,0,0,0
1,0.28125,0.0,0,0,0,0,0,0,0,0,1,0,0,0,0,0,0,0,0,0,0,1
1,0.375,0.0,1,0,0,0,0,0,0,0,0,0,0,0,0,1,0,0,0,0,0,0
1,0.4375,0.0,0,0,0,0,0,0,0,0,0,0,1,0,0,1,0,0,0,0,0,0
1,0.5625,0.2962962962962963,0,0,1,0,0,0,0,0,0,0,0,0,0,0,1,0,0,0,0,0
1,0.46875,0.0,0,0,0,0,0,0,0,0,0,0,1,0,0,1,0,0,0,0,0,0
1,0.46875,0.0,0,0,0,0,0,0,0,0,1,0,0,0,0,1,0,0,0,0,0,0
1,0.4375,0.0,0,0,0,0,0,0,0,0,0,0,1,0,0,1,0,0,0,0,0,0
1,0.375,0.0,0,0,0,0,0,0,0,0,0,0,1,0,0,1,0,0,0,0,0,0
1,0.5,0.37037037037037035,0,0,1,0,0,0,0,0,0,0,0,0,0,0,1,0,0,0,0,0
1,0.59375,0.48148148148148145,0,0,0,0,0,0,0,0,0,1,0,0,1,0,0,0,0,0,0,0
1,0.46875,0.3333333333333333,1,0,0,0,0,0,0,0,0,0,0,0,0,0,0,0,0,0,1,0
1,0.4375,0.0,0,0,0,0,0,0,0,0,0,0,1,0,0,1,0,0,0,0,0,0
1,0.4375,0.6666666666666666,0,0,0,0,0,0,0,0,0,1,0,0,1,0,0,0,0,0,0,0
1,0.4375,0.0,0,0,0,0,0,0,0,0,1,0,0,0,0,1,0,0,0,0,0,0
1,0.28125,0.0,0,0,0,0,0,0,0,0,1,0,0,0,0,0,0,0,0,0,0,1
1,0.40625,0.0,0,0,0,0,0,0,0,0,0,1,0,0,0,1,0,0,0,0,0,0
1,0.40625,0.0,0,0,0,0,0,0,0,0,0,0,1,0,0,1,0,0,0,0,0,0
1,0.625,0.2222222222222222,0,0,0,0,0,0,0,0,1,0,0,0,0,0,0,0,0,0,1,0
1,0.53125,0.37037037037037035,0,0,0,0,0,0,0,0,1,0,0,0,0,0,1,0,0,0,0,0
1,0.28125,0.0,0,0,0,0,0,0,0,0,1,0,0,0,0,0,0,0,0,0,0,1
1,0.625,0.18518518518518517,0,0,0,0,0,0,0,0,1,0,0,0,0,0,1,0,0,0,0,0
1,0.40625,0.0,0,0,0,0,0,0,0,0,0,0,1,0,0,1,0,0,0,0,0,0
1,0.46875,0.0,0,0,0,0,0,0,0,0,0,0,1,0,0,1,0,0,0,0,0,0
1,0.375,0.0,0,0,0,0,0,0,0,0,0,0,1,0,0,1,0,0,0,0,0,0
1,0.375,0.7407407407407407,0,0,0,0,0,0,0,0,0,1,0,0,1,0,0,0,0,0,0,0
1,0.5,0.2962962962962963,0,0,0,0,0,0,0,0,0,1,0,0,0,0,0,0,0,0,1,0
1,0.4375,0.0,0,0,0,0,0,0,0,0,0,0,1,0,0,1,0,0,0,0,0,0
1,0.40625,0.0,0,0,0,0,0,0,0,0,0,0,1,0,0,1,0,0,0,0,0,0
1,0.40625,0.0,0,0,0,0,0,0,0,0,0,0,1,0,0,1,0,0,0,0,0,0
1,0.25,0.0,0,0,0,0,0,0,0,0,1,0,0,0,0,0,0,0,0,0,0,1
1,0.5625,0.2962962962962963,0,0,1,0,0,0,0,0,0,0,0,0,0,0,1,0,0,0,0,0
1,0.78125,0.0,0,0,0,0,0,0,0,0,0,0,1,0,0,0,0,1,0,0,0,0
1,0.375,0.0,0,0,0,0,0,0,0,0,0,0,1,0,0,1,0,0,0,0,0,0
1,0.40625,0.0,0,0,0,0,0,0,0,0,0,0,1,0,0,1,0,0,0,0,0,0
1,0.40625,0.0,0,0,0,0,0,0,0,0,0,0,1,0,0,1,0,0,0,0,0,0
1,0.46875,0.0,0,0,0,0,0,0,0,0,0,0,1,0,0,1,0,0,0,0,0,0
1,0.40625,0.0,0,0,0,0,0,1,0,0,0,0,0,0,0,1,0,0,0,0,0,0
1,0.28125,0.0,0,0,0,0,0,0,0,0,1,0,0,0,0,0,0,0,0,0,0,1
1,0.3125,0.0,0,0,0,0,0,0,0,0,1,0,0,0,0,0,0,0,0,0,0,1
1,0.46875,0.0,0,0,0,0,0,0,0,0,0,0,1,0,0,1,0,0,0,0,0,0
1,0.40625,0.0,0,0,0,0,0,0,0,0,0,0,1,0,0,1,0,0,0,0,0,0
1,0.3125,0.0,0,0,0,0,0,0,0,0,1,0,0,0,0,0,0,0,0,0,0,1
1,0.375,0.7407407407407407,0,0,0,0,0,0,0,0,0,1,0,0,1,0,0,0,0,0,0,0
1,0.375,0.0,0,0,0,0,0,0,0,0,0,0,1,0,0,1,0,0,0,0,0,0
1,0.46875,0.0,0,0,0,0,0,0,0,0,0,0,1,0,0,1,0,0,0,0,0,0
1,0.40625,0.0,0,0,0,0,0,0,0,0,0,0,1,0,0,1,0,0,0,0,0,0
1,0.90625,0.0,0,0,0,0,0,0,0,0,0,0,1,0,0,0,0,1,0,0,0,0
1,0.75,0.0,0,0,0,0,0,0,0,0,0,0,1,0,0,0,0,1,0,0,0,0
1,0.4375,0.0,1,0,0,0,0,0,0,0,0,0,0,0,0,1,0,0,0,0,0,0
1,0.625,0.25925925925925924,0,0,0,0,0,0,0,0,0,1,0,0,0,0,0,0,0,0,1,0
1,0.375,0.0,0,0,0,0,0,0,0,0,0,0,1,0,0,1,0,0,0,0,0,0
1,0.46875,0.0,0,0,0,0,0,1,0,0,0,0,0,0,0,1,0,0,0,0,0,0
1,0.4375,0.0,0,0,0,0,0,0,0,0,0,0,1,0,0,1,0,0,0,0,0,0
1,0.28125,0.8518518518518519,0,0,0,0,0,0,0,0,0,1,0,0,1,0,0,0,0,0,0,0
1,0.40625,0.0,0,0,0,0,0,0,0,0,0,0,1,0,0,1,0,0,0,0,0,0
1,0.5625,0.37037037037037035,1,0,0,0,0,0,0,0,0,0,0,0,0,0,0,0,0,0,1,0
1,0.4375,0.0,0,0,0,0,0,0,0,0,0,0,1,0,0,1,0,0,0,0,0,0
1,0.65625,0.2222222222222222,0,0,0,0,0,0,0,0,1,0,0,0,0,0,1,0,0,0,0,0
1,0.3125,0.0,0,0,0,0,0,0,0,0,1,0,0,0,0,0,0,0,0,0,0,1
1,0.25,0.0,0,0,0,0,0,0,0,0,1,0,0,0,0,0,0,0,0,0,0,1
1,0.40625,0.0,0,0,0,0,0,0,0,0,0,0,1,0,0,1,0,0,0,0,0,0
1,0.4375,0.37037037037037035,0,0,0,0,0,0,0,0,1,0,0,0,0,0,0,0,0,0,1,0
1,0.65625,0.18518518518518517,0,0,0,0,0,0,0,0,0,1,0,0,0,0,1,0,0,0,0,0
1,0.78125,0.0,0,0,0,0,0,0,0,0,0,0,1,0,0,0,0,1,0,0,0,0
1,0.375,0.0,0,0,0,0,0,0,0,0,0,0,1,0,0,1,0,0,0,0,0,0
1,0.5625,0.3333333333333333,0,0,0,0,0,0,0,0,0,1,0,0,0,0,0,0,0,0,1,0
1,0.6875,0.0,0,0,0,0,0,0,0,0,0,0,1,0,0,0,0,1,0,0,0,0
1,0.25,0.0,0,0,0,0,0,0,0,0,1,0,0,0,0,0,0,0,0,0,0,1
1,0.6875,0.0,0,0,0,0,0,0,0,0,0,0,1,0,0,0,0,1,0,0,0,0
1,0.40625,0.0,0,0,0,0,0,0,0,0,0,0,1,0,0,1,0,0,0,0,0,0
1,0.78125,0.0,0,0,0,0,0,0,0,0,0,0,1,0,0,0,0,1,0,0,0,0
1,0.25,0.0,0,0,0,0,0,0,0,0,1,0,0,0,0,0,0,0,0,0,0,1
1,0.28125,0.0,0,0,0,0,0,0,0,0,1,0,0,0,0,0,0,0,0,0,0,1
1,0.71875,0.0,0,0,0,0,0,0,0,0,0,0,1,0,0,0,0,1,0,0,0,0
1,0.4375,0.0,0,0,0,0,0,0,0,0,0,0,1,0,0,1,0,0,0,0,0,0
1,0.25,0.0,0,0,0,0,0,0,0,0,1,0,0,0,0,0,0,0,0,0,0,1
1,0.4375,0.0,0,0,0,0,0,0,0,0,0,0,1,0,0,1,0,0,0,0,0,0
1,0.375,0.7407407407407407,0,0,0,0,0,0,0,0,0,1,0,0,1,0,0,0,0,0,0,0
1,0.375,0.0,0,0,0,0,0,0,0,0,0,0,1,0,0,1,0,0,0,0,0,0
1,0.5625,0.25925925925925924,0,0,1,0,0,0,0,0,0,0,0,0,0,0,0,0,0,0,1,0
1,0.28125,0.0,0,0,0,0,0,0,0,0,1,0,0,0,0,0,0,0,0,0,0,1
1,0.40625,0.0,0,0,0,0,0,0,0,0,0,0,1,0,0,1,0,0,0,0,0,0
1,0.46875,0.0,0,0,0,0,0,0,0,0,0,0,1,0,0,1,0,0,0,0,0,0
1,0.375,0.0,0,0,0,0,0,0,0,0,0,0,1,0,0,1,0,0,0,0,0,0
1,0.6875,0.0,0,0,0,0,0,0,0,0,0,0,1,0,0,0,0,1,0,0,0,0
1,0.28125,0.0,0,0,0,0,0,0,0,0,1,0,0,0,0,0,0,0,0,0,0,1
1,0.65625,0.0,0,0,0,0,1,0,0,0,0,0,0,0,0,0,0,0,0,1,0,0
1,0.59375,0.25925925925925924,0,0,0,0,0,0,0,0,1,0,0,0,0,0,0,0,0,0,1,0
1,0.46875,0.0,0,0,0,0,0,0,0,0,0,0,1,0,0,1,0,0,0,0,0,0
1,0.40625,0.0,0,0,0,0,0,0,0,0,0,0,1,0,0,1,0,0,0,0,0,0
1,0.5,0.3333333333333333,0,0,0,0,0,0,0,0,1,0,0,0,0,0,0,0,0,0,1,0
1,0.375,0.0,0,0,0,0,0,0,0,0,0,0,1,0,0,1,0,0,0,0,0,0
1,0.46875,0.0,0,0,0,0,0,1,0,0,0,0,0,0,0,1,0,0,0,0,0,0
1,0.46875,0.0,0,0,0,0,0,0,0,0,0,0,1,0,0,1,0,0,0,0,0,0
1,0.71875,0.0,0,0,0,0,0,0,0,0,0,0,1,0,0,0,0,1,0,0,0,0
1,0.375,0.0,0,0,0,0,0,0,0,0,0,0,1,0,0,1,0,0,0,0,0,0
1,0.375,0.0,0,0,0,0,0,0,0,0,0,0,1,0,0,1,0,0,0,0,0,0
1,0.40625,0.0,0,0,0,0,0,0,0,0,0,0,1,0,0,1,0,0,0,0,0,0
1,0.46875,0.0,0,0,0,0,0,0,0,0,0,0,1,0,0,1,0,0,0,0,0,0
1,0.40625,0.0,0,0,0,0,0,0,0,0,0,0,1,0,0,1,0,0,0,0,0,0
1,0.5,0.4074074074074074,0,0,0,0,0,0,0,0,1,0,0,0,0,0,0,0,0,0,1,0
1,0.34375,0.7777777777777777,0,0,0,0,0,0,0,0,0,1,0,0,1,0,0,0,0,0,0,0
1,0.4375,0.0,0,0,0,0,0,0,0,0,0,0,1,0,0,1,0,0,0,0,0,0
1,0.4375,0.0,0,0,0,0,0,0,0,0,0,0,1,0,0,1,0,0,0,0,0,0
1,0.75,0.0,0,0,0,0,0,0,0,0,0,0,1,0,0,0,0,1,0,0,0,0
1,0.28125,0.0,0,0,0,0,0,0,0,0,1,0,0,0,0,0,0,0,0,0,0,1
1,0.40625,0.0,0,0,0,0,0,0,0,0,0,0,1,0,0,1,0,0,0,0,0,0
1,0.28125,0.0,0,0,0,0,0,0,0,0,1,0,0,0,0,0,0,0,0,0,0,1
1,0.6875,0.0,0,0,0,0,0,0,0,0,0,0,1,0,0,0,0,1,0,0,0,0
1,0.46875,0.0,0,0,0,0,0,0,0,0,0,0,1,0,0,1,0,0,0,0,0,0
1,0.4375,0.0,0,0,0,0,0,0,0,0,0,0,1,0,0,1,0,0,0,0,0,0
1,0.59375,0.25925925925925924,0,0,0,0,0,0,0,0,1,0,0,0,0,0,1,0,0,0,0,0
1,0.46875,0.0,0,1,0,0,0,0,0,0,0,0,0,0,0,1,0,0,0,0,0,0
1,0.625,0.25925925925925924,0,0,1,0,0,0,0,0,0,0,0,0,0,0,0,0,0,0,1,0
1,0.375,0.0,0,0,0,0,0,0,0,0,0,0,1,0,0,1,0,0,0,0,0,0
1,0.40625,0.0,0,0,0,0,0,0,0,0,0,0,1,0,0,1,0,0,0,0,0,0
1,0.375,0.0,0,0,0,0,0,1,0,0,0,0,0,0,0,1,0,0,0,0,0,0
1,0.40625,0.0,0,0,0,0,0,0,0,0,0,0,1,0,0,1,0,0,0,0,0,0
1,0.46875,0.0,0,0,0,0,0,0,0,0,0,0,1,0,0,1,0,0,0,0,0,0
1,0.46875,0.0,0,0,0,0,0,0,0,0,0,0,1,0,0,1,0,0,0,0,0,0
1,0.46875,0.4074074074074074,0,0,0,0,0,0,0,0,1,0,0,0,0,0,1,0,0,0,0,0
1,0.46875,0.0,0,0,0,0,0,0,0,0,0,0,1,0,0,1,0,0,0,0,0,0
1,0.8125,0.0,0,0,0,0,0,0,0,0,0,0,1,0,0,0,0,1,0,0,0,0
1,0.625,0.14814814814814814,0,0,0,0,0,0,0,0,0,1,0,0,0,0,0,0,0,0,1,0
1,0.46875,0.0,0,0,0,0,0,0,0,0,0,0,1,0,0,1,0,0,0,0,0,0
1,0.46875,0.4074074074074074,0,0,0,0,0,0,0,0,0,1,0,0,0,0,1,0,0,0,0,0
1,0.4375,0.0,0,0,0,0,0,0,0,0,0,0,1,0,0,1,0,0,0,0,0,0
1,0.75,0.0,0,0,0,0,0,0,0,0,0,0,1,0,0,0,0,1,0,0,0,0
1,0.5,0.37037037037037035,0,0,0,0,0,0,0,0,1,0,0,0,0,0,0,0,0,0,1,0
1,0.46875,0.0,0,0,0,0,0,0,0,0,0,0,1,0,0,1,0,0,0,0,0,0
1,0.625,0.2222222222222222,0,0,0,0,0,0,0,0,1,0,0,0,0,0,1,0,0,0,0,0
1,0.65625,0.1111111111111111,1,0,0,0,0,0,0,0,0,0,0,0,0,0,0,0,0,0,1,0
1,0.46875,0.0,0,0,0,0,0,0,0,0,0,0,1,0,0,1,0,0,0,0,0,0
1,0.5,0.4074074074074074,0,0,1,0,0,0,0,0,0,0,0,0,0,0,0,0,0,0,1,0
1,0.53125,0.2962962962962963,0,0,0,0,0,0,0,0,1,0,0,0,0,0,1,0,0,0,0,0
1,0.28125,0.0,0,0,0,0,0,0,0,0,1,0,0,0,0,0,0,0,0,0,0,1
1,0.4375,0.0,0,0,0,0,0,0,0,0,1,0,0,0,0,1,0,0,0,0,0,0
1,0.3125,0.0,0,0,0,0,0,0,0,0,1,0,0,0,0,0,0,0,0,0,0,1
1,0.46875,0.0,0,1,0,0,0,0,0,0,0,0,0,0,0,1,0,0,0,0,0,0
1,0.40625,0.0,0,0,0,0,0,0,0,0,0,0,1,0,0,1,0,0,0,0,0,0
1,0.4375,0.0,0,0,0,0,0,0,0,0,0,0,1,0,0,1,0,0,0,0,0,0
1,0.65625,0.18518518518518517,0,0,0,0,0,0,0,0,0,1,0,0,0,0,0,0,0,0,1,0
1,0.40625,0.0,0,0,0,0,0,0,0,0,0,0,1,0,0,1,0,0,0,0,0,0
1,0.53125,0.3333333333333333,0,0,0,0,0,0,0,0,0,1,0,0,0,0,1,0,0,0,0,0
1,0.46875,0.4444444444444444,0,0,1,0,0,0,0,0,0,0,0,0,0,0,1,0,0,0,0,0
1,0.9375,0.0,0,0,0,0,0,0,0,0,0,0,1,0,0,0,0,1,0,0,0,0
1,0.4375,0.0,0,0,0,0,0,0,0,0,0,0,1,0,0,1,0,0,0,0,0,0
1,0.46875,0.0,0,0,0,0,0,0,0,0,1,0,0,0,0,1,0,0,0,0,0,0
1,0.25,0.0,0,0,0,0,0,0,0,0,1,0,0,0,0,0,0,0,0,0,0,1
1,0.625,0.2222222222222222,0,0,0,0,0,0,0,0,1,0,0,0,0,0,1,0,0,0,0,0
1,0.40625,0.0,0,0,0,0,0,0,0,0,0,0,1,0,0,1,0,0,0,0,0,0
1,0.53125,0.2962962962962963,0,0,1,0,0,0,0,0,0,0,0,0,0,0,1,0,0,0,0,0
1,0.40625,0.0,0,0,0,0,0,0,0,0,0,0,1,0,0,1,0,0,0,0,0,0
1,0.46875,0.4444444444444444,0,0,0,0,0,0,0,0,0,1,0,0,0,0,0,0,0,0,1,0
1,0.46875,0.0,0,0,0,0,0,0,0,0,0,0,1,0,0,1,0,0,0,0,0,0
1,0.375,0.4444444444444444,0,0,1,0,0,0,0,0,0,0,0,0,0,0,0,0,0,0,1,0
1,0.59375,0.2222222222222222,0,0,1,0,0,0,0,0,0,0,0,0,0,0,1,0,0,0,0,0
1,0.28125,0.0,0,0,0,0,0,0,0,0,1,0,0,0,0,0,0,0,0,0,0,1
1,0.40625,0.0,0,0,0,0,0,0,0,0,0,0,1,0,0,1,0,0,0,0,0,0
1,0.40625,0.0,0,0,0,0,0,0,0,0,0,0,1,0,0,1,0,0,0,0,0,0
1,0.78125,0.0,0,0,0,0,0,0,0,0,0,0,1,0,0,0,0,1,0,0,0,0
1,0.40625,0.0,0,0,0,0,0,0,0,0,0,0,1,0,0,1,0,0,0,0,0,0
1,0.46875,0.0,0,0,0,0,0,0,0,0,0,0,1,0,0,1,0,0,0,0,0,0
1,0.5625,0.2962962962962963,1,0,0,0,0,0,0,0,0,0,0,0,0,0,0,0,0,0,1,0
1,0.46875,0.4444444444444444,0,0,0,0,0,0,0,0,1,0,0,0,0,0,0,0,0,0,1,0
1,0.46875,0.0,0,0,0,0,0,0,0,0,0,0,1,0,0,1,0,0,0,0,0,0
1,0.375,0.0,0,0,0,0,0,0,0,0,0,0,1,0,0,1,0,0,0,0,0,0
1,0.4375,0.0,0,0,0,0,0,0,0,0,0,0,1,0,0,1,0,0,0,0,0,0
1,0.65625,0.18518518518518517,0,0,0,0,0,0,0,0,1,0,0,0,0,0,1,0,0,0,0,0
1,0.5625,0.2962962962962963,0,0,1,0,0,0,0,0,0,0,0,0,0,0,0,0,0,0,1,0
1,0.40625,0.0,1,0,0,0,0,0,0,0,0,0,0,0,0,1,0,0,0,0,0,0
1,0.4375,0.0,0,0,0,0,0,0,0,0,0,0,1,0,0,1,0,0,0,0,0,0
1,0.40625,0.0,0,0,0,0,0,0,0,0,0,0,1,0,0,1,0,0,0,0,0,0
1,0.40625,0.0,0,0,0,0,0,0,0,0,0,0,1,0,0,1,0,0,0,0,0,0
1,0.375,0.0,0,0,0,0,0,0,0,0,0,0,1,0,0,1,0,0,0,0,0,0
1,0.5,0.4074074074074074,0,0,0,0,0,0,0,0,0,1,0,0,0,0,1,0,0,0,0,0
1,0.28125,0.0,0,0,0,0,0,0,0,0,1,0,0,0,0,0,0,0,0,0,0,1
1,0.375,0.0,0,0,0,0,0,0,0,0,0,0,1,0,0,1,0,0,0,0,0,0
1,0.4375,0.0,1,0,0,0,0,0,0,0,0,0,0,0,0,0,0,0,0,1,0,0
1,0.84375,0.0,0,0,0,0,0,0,0,0,0,0,1,0,0,0,0,1,0,0,0,0
1,0.3125,0.0,0,0,0,0,0,0,0,0,1,0,0,0,0,0,0,0,0,0,0,1
1,0.4375,0.0,0,0,0,0,0,0,0,0,0,0,1,0,0,1,0,0,0,0,0,0
1,0.5,0.2962962962962963,0,0,1,0,0,0,0,0,0,0,0,0,0,0,1,0,0,0,0,0
1,0.625,0.18518518518518517,1,0,0,0,0,0,0,0,0,0,0,0,0,0,0,0,0,0,1,0
1,0.25,0.0,0,0,0,0,0,0,0,0,1,0,0,0,0,0,0,0,0,0,0,1
1,0.46875,0.4074074074074074,1,0,0,0,0,0,0,0,0,0,0,0,0,0,0,0,0,0,1,0
1,0.40625,0.0,0,0,0,0,0,1,0,0,0,0,0,0,0,1,0,0,0,0,0,0
1,0.46875,0.0,0,0,0,0,0,0,0,0,0,0,1,0,0,1,0,0,0,0,0,0
1,0.8125,0.0,0,0,0,0,0,0,0,0,0,0,1,0,0,0,0,1,0,0,0,0
1,0.28125,0.0,0,0,0,0,0,0,0,0,1,0,0,0,0,0,0,0,0,0,0,1
1,1.0,0.0,0,0,0,0,0,0,0,0,0,0,1,0,0,0,0,1,0,0,0,0
1,0.25,0.0,0,0,0,0,0,0,0,0,1,0,0,0,0,0,0,0,0,0,0,1
1,0.375,0.0,0,0,0,0,0,0,0,0,0,0,1,0,0,1,0,0,0,0,0,0
1,0.40625,0.0,0,0,0,0,0,0,0,0,0,0,1,0,0,1,0,0,0,0,0,0
1,0.53125,0.3333333333333333,0,0,0,0,0,0,0,0,1,0,0,0,0,0,0,0,0,0,1,0
1,0.375,0.0,0,0,0,0,0,0,0,0,0,0,1,0,0,1,0,0,0,0,0,0
1,0.46875,0.0,1,0,0,0,0,0,0,0,0,0,0,0,0,1,0,0,0,0,0,0
1,0.375,0.0,0,0,0,0,0,0,0,0,0,0,1,0,0,1,0,0,0,0,0,0
1,0.375,0.0,0,0,0,0,0,0,0,0,0,0,1,0,0,1,0,0,0,0,0,0
1,0.46875,0.0,0,0,0,0,0,0,0,0,0,0,1,0,0,1,0,0,0,0,0,0
1,0.25,0.0,0,0,0,0,0,0,0,0,1,0,0,0,0,0,0,0,0,0,0,1
1,0.375,0.0,0,0,0,0,0,0,0,0,0,1,0,0,0,1,0,0,0,0,0,0
1,0.75,0.0,0,0,0,0,0,0,0,0,0,0,1,0,0,0,0,1,0,0,0,0
1,0.375,0.7407407407407407,0,0,0,0,0,0,0,0,0,1,0,0,1,0,0,0,0,0,0,0
1,0.5625,0.25925925925925924,0,0,0,0,0,0,0,0,1,0,0,0,0,0,0,0,0,0,1,0
1,0.59375,0.2962962962962963,0,0,0,0,0,0,0,0,1,0,0,0,0,0,0,0,0,0,1,0
1,0.71875,0.0,0,0,0,0,0,0,0,0,0,0,1,0,0,0,0,1,0,0,0,0
1,0.46875,0.3333333333333333,0,0,0,0,0,0,0,0,1,0,0,0,0,0,1,0,0,0,0,0
1,0.375,0.0,0,0,0,0,0,0,0,0,0,0,1,0,0,1,0,0,0,0,0,0
1,0.40625,0.0,0,0,0,0,0,0,0,0,0,0,1,0,0,1,0,0,0,0,0,0
1,0.625,0.18518518518518517,0,0,0,0,0,0,0,0,1,0,0,0,0,0,0,0,0,0,1,0
1,0.40625,0.0,0,0,0,0,0,0,0,0,0,0,1,0,0,1,0,0,0,0,0,0
1,0.4375,0.0,0,0,0,0,0,0,0,0,0,0,1,0,0,1,0,0,0,0,0,0
1,0.375,0.0,0,0,0,0,0,0,0,0,0,0,1,0,0,1,0,0,0,0,0,0
1,0.375,0.0,0,0,0,0,0,0,0,0,0,0,1,0,0,1,0,0,0,0,0,0
1,0.46875,0.0,1,0,0,0,0,0,0,0,0,0,0,0,0,1,0,0,0,0,0,0
1,0.40625,0.0,0,0,0,0,0,0,0,0,0,0,1,0,0,1,0,0,0,0,0,0
1,0.46875,0.0,0,0,0,0,0,1,0,0,0,0,0,0,0,1,0,0,0,0,0,0
1,0.46875,0.37037037037037035,1,0,0,0,0,0,0,0,0,0,0,0,0,0,0,0,0,0,1,0
1,0.4375,0.0,0,0,0,0,0,0,0,0,0,0,1,0,0,1,0,0,0,0,0,0
1,0.375,0.0,0,0,0,0,0,1,0,0,0,0,0,0,0,1,0,0,0,0,0,0
1,0.46875,0.0,0,0,0,0,0,0,0,0,0,1,0,0,0,1,0,0,0,0,0,0
1,0.46875,0.0,0,0,0,0,0,0,0,0,0,0,1,0,0,1,0,0,0,0,0,0
1,0.4375,0.0,0,0,0,0,0,0,0,0,0,0,1,0,0,1,0,0,0,0,0,0
1,0.40625,0.0,0,0,0,0,0,0,0,0,0,0,1,0,0,1,0,0,0,0,0,0
1,0.3125,0.0,0,0,0,0,0,0,0,0,1,0,0,0,0,0,0,0,0,0,0,1
1,0.375,0.0,0,0,0,0,0,0,0,0,0,0,1,0,0,1,0,0,0,0,0,0
1,0.8125,0.0,0,0,0,0,0,0,0,0,0,0,1,0,0,0,0,1,0,0,0,0
1,0.53125,0.3333333333333333,0,0,0,0,0,0,0,0,1,0,0,0,0,0,1,0,0,0,0,0
1,0.5625,0.25925925925925924,0,0,0,0,0,0,0,0,0,1,0,0,0,0,1,0,0,0,0,0
1,0.84375,0.0,0,0,0,0,0,0,0,0,0,0,1,0,0,0,0,1,0,0,0,0
1,0.46875,0.0,0,0,0,0,0,0,0,0,0,0,1,0,0,1,0,0,0,0,0,0
1,0.34375,0.7777777777777777,0,0,0,0,0,0,0,0,0,1,0,0,1,0,0,0,0,0,0,0
1,0.375,0.0,1,0,0,0,0,0,0,0,0,0,0,0,0,1,0,0,0,0,0,0
1,0.4375,0.0,0,0,0,0,0,0,0,0,0,0,1,0,0,1,0,0,0,0,0,0
1,0.40625,0.0,0,0,0,0,0,0,0,0,0,0,1,0,0,1,0,0,0,0,0,0
1,0.375,0.0,0,0,0,0,0,0,0,0,0,0,1,0,0,1,0,0,0,0,0,0
1,0.28125,0.0,0,0,0,0,0,0,0,0,1,0,0,0,0,0,0,0,0,0,0,1
1,0.46875,0.0,0,0,0,0,0,0,0,0,0,0,1,0,0,1,0,0,0,0,0,0
1,0.375,0.0,0,1,0,0,0,0,0,0,0,0,0,0,0,1,0,0,0,0,0,0
1,0.5625,0.3333333333333333,0,0,1,0,0,0,0,0,0,0,0,0,0,0,0,0,0,0,1,0
1,0.46875,0.0,0,0,0,0,0,0,0,0,0,0,1,0,0,1,0,0,0,0,0,0
1,0.15625,1.0,0,0,0,0,0,0,0,0,0,1,0,0,1,0,0,0,0,0,0,0
1,0.375,0.0,0,0,0,0,0,0,0,0,0,0,1,0,0,1,0,0,0,0,0,0
1,0.25,0.0,0,0,0,0,0,0,0,0,1,0,0,0,0,0,0,0,0,0,0,1
1,0.28125,0.0,0,0,0,0,0,0,0,0,1,0,0,0,0,0,0,0,0,0,0,1
1,0.40625,0.0,0,0,0,0,0,0,0,0,0,0,1,0,0,1,0,0,0,0,0,0
1,0.375,0.0,0,0,0,0,0,0,0,0,0,0,1,0,0,1,0,0,0,0,0,0
1,0.75,0.0,0,0,0,0,0,0,0,0,0,0,1,0,0,0,0,1,0,0,0,0
1,0.375,0.0,0,0,0,0,0,0,0,0,0,0,1,0,0,1,0,0,0,0,0,0
1,0.28125,0.0,0,0,0,0,0,0,0,0,1,0,0,0,0,0,0,0,0,0,0,1
1,0.4375,0.0,0,0,0,0,0,0,0,0,1,0,0,0,0,1,0,0,0,0,0,0
1,0.5625,0.2222222222222222,1,0,0,0,0,0,0,0,0,0,0,0,0,0,1,0,0,0,0,0
1,0.375,0.0,0,0,0,0,0,0,0,0,0,0,1,0,0,1,0,0,0,0,0,0
1,0.53125,0.3333333333333333,0,0,1,0,0,0,0,0,0,0,0,0,0,0,1,0,0,0,0,0
1,0.28125,0.0,0,0,0,0,0,0,0,0,1,0,0,0,0,0,0,0,0,0,0,1
1,0.53125,0.3333333333333333,0,0,0,0,0,0,0,0,0,1,0,0,0,0,1,0,0,0,0,0
1,0.40625,0.0,0,0,0,0,0,0,0,0,0,1,0,0,0,1,0,0,0,0,0,0
1,0.5625,0.2222222222222222,0,0,0,0,0,0,0,0,0,1,0,0,0,0,0,0,0,0,1,0
1,0.25,0.0,0,0,0,0,0,0,0,0,1,0,0,0,0,0,0,0,0,0,0,1
1,0.28125,0.0,0,0,0,0,0,0,0,0,1,0,0,0,0,0,0,0,0,0,0,1
1,0.28125,0.0,0,0,0,0,0,0,0,0,1,0,0,0,0,0,0,0,0,0,0,1
1,0.4375,0.0,0,0,0,0,0,0,0,0,0,0,1,0,0,1,0,0,0,0,0,0
1,0.375,0.0,0,0,0,0,0,0,0,0,0,0,1,0,0,1,0,0,0,0,0,0
1,0.4375,0.0,0,0,0,0,0,0,0,0,0,0,1,0,0,1,0,0,0,0,0,0
1,0.3125,0.0,0,0,0,0,0,0,0,0,1,0,0,0,0,0,0,0,0,0,0,1
1,0.40625,0.0,0,0,0,0,0,0,0,0,0,1,0,0,0,1,0,0,0,0,0,0
1,0.375,0.0,0,0,0,0,0,0,0,0,0,0,1,0,0,1,0,0,0,0,0,0
1,0.46875,0.0,0,0,0,0,0,0,0,0,0,0,1,0,0,1,0,0,0,0,0,0
1,0.46875,0.0,0,0,0,0,0,0,0,0,0,0,1,0,0,1,0,0,0,0,0,0
1,0.40625,0.0,0,0,0,0,0,0,0,0,0,0,1,0,0,1,0,0,0,0,0,0
1,0.46875,0.0,0,0,0,0,0,0,0,0,0,0,1,0,0,1,0,0,0,0,0,0
1,0.40625,0.0,0,0,0,0,0,0,0,0,0,0,1,0,0,1,0,0,0,0,0,0
1,0.53125,0.2962962962962963,0,0,0,0,0,0,0,0,1,0,0,0,0,0,1,0,0,0,0,0
1,0.375,0.0,0,0,0,0,0,0,0,0,0,0,1,0,0,1,0,0,0,0,0,0
1,0.5625,0.2962962962962963,0,0,1,0,0,0,0,0,0,0,0,0,0,0,1,0,0,0,0,0
1,0.46875,0.4074074074074074,0,0,1,0,0,0,0,0,0,0,0,0,0,0,0,0,0,0,1,0
1,0.46875,0.0,0,0,0,0,0,0,0,0,0,0,1,0,0,1,0,0,0,0,0,0
1,0.625,0.14814814814814814,0,0,0,0,0,0,0,0,1,0,0,0,0,0,0,0,0,0,1,0
1,0.53125,0.2962962962962963,0,0,0,0,0,0,0,0,1,0,0,0,0,0,1,0,0,0,0,0
1,0.375,0.0,0,0,1,0,0,0,0,0,0,0,0,0,0,1,0,0,0,0,0,0
1,0.46875,0.0,0,0,0,0,0,0,0,0,0,0,1,0,0,1,0,0,0,0,0,0
1,0.625,0.18518518518518517,0,0,1,0,0,0,0,0,0,0,0,0,0,0,1,0,0,0,0,0
1,0.78125,0.0,0,0,0,0,0,0,0,0,0,0,1,0,0,0,0,1,0,0,0,0
1,0.625,0.25925925925925924,0,0,0,0,0,0,0,0,0,1,0,0,0,0,0,0,0,0,1,0
1,0.28125,0.0,0,0,0,0,0,0,0,0,1,0,0,0,0,0,0,0,0,0,0,1
1,0.4375,0.0,0,0,0,0,0,0,0,0,0,0,1,0,0,1,0,0,0,0,0,0
1,0.4375,0.0,0,0,0,0,0,0,0,0,0,0,1,0,0,1,0,0,0,0,0,0
1,0.4375,0.0,0,0,0,0,0,0,0,0,0,0,1,0,0,1,0,0,0,0,0,0
1,0.59375,0.3333333333333333,0,0,0,0,0,0,0,0,0,1,0,0,0,0,0,0,0,0,1,0
1,0.375,0.0,0,0,0,0,1,0,0,0,0,0,0,0,0,0,0,0,0,1,0,0
1,0.40625,0.0,0,0,0,0,0,0,0,0,0,0,1,0,0,1,0,0,0,0,0,0
1,0.375,0.0,0,0,0,0,0,0,0,0,0,0,1,0,0,1,0,0,0,0,0,0
1,0.53125,0.37037037037037035,0,0,0,0,0,0,0,0,0,1,0,0,0,0,1,0,0,0,0,0
1,0.40625,0.0,0,0,0,0,0,0,0,0,0,0,1,0,0,1,0,0,0,0,0,0
1,0.59375,0.2222222222222222,0,0,0,0,0,0,0,0,0,1,0,0,0,0,0,0,0,0,1,0
1,0.59375,0.14814814814814814,0,0,0,0,0,0,0,0,1,0,0,0,0,0,0,0,0,0,1,0
1,0.59375,0.3333333333333333,1,0,0,0,0,0,0,0,0,0,0,0,0,0,0,0,0,0,1,0
1,0.59375,0.25925925925925924,0,0,0,0,0,0,0,0,1,0,0,0,0,0,1,0,0,0,0,0
1,0.40625,0.0,0,0,0,0,0,0,0,0,1,0,0,0,0,1,0,0,0,0,0,0
1,0.28125,0.0,0,0,0,0,0,0,0,0,1,0,0,0,0,0,0,0,0,0,0,1
1,0.4375,0.0,0,0,0,0,0,0,0,0,0,0,1,0,0,1,0,0,0,0,0,0
1,0.4375,0.0,0,0,0,0,0,0,0,0,0,0,1,0,0,1,0,0,0,0,0,0
1,0.4375,0.0,0,0,0,0,0,0,0,0,0,0,1,0,0,1,0,0,0,0,0,0
1,0.375,0.0,0,0,0,0,0,0,0,0,1,0,0,0,0,1,0,0,0,0,0,0
1,0.40625,0.0,0,0,0,0,0,0,0,0,0,0,1,0,0,1,0,0,0,0,0,0
1,0.375,0.0,0,0,0,0,0,1,0,0,0,0,0,0,0,1,0,0,0,0,0,0
1,0.4375,0.0,0,0,0,0,0,0,0,0,0,0,1,0,0,1,0,0,0,0,0,0
1,0.375,0.0,0,0,0,0,0,0,0,0,0,0,1,0,0,1,0,0,0,0,0,0
1,0.59375,0.25925925925925924,0,0,0,0,0,0,0,0,1,0,0,0,0,0,1,0,0,0,0,0
1,0.4375,0.0,0,0,0,0,0,0,0,0,0,0,1,0,0,1,0,0,0,0,0,0
1,0.34375,0.0,0,0,0,0,0,0,0,0,1,0,0,0,0,0,0,0,0,0,0,1
1,0.5,0.3333333333333333,0,0,0,0,0,0,0,0,1,0,0,0,0,0,0,0,0,0,1,0
1,0.25,0.0,0,0,0,0,0,0,0,0,1,0,0,0,0,0,0,0,0,0,0,1
1,0.375,0.0,0,0,0,0,0,0,0,0,0,0,1,0,0,1,0,0,0,0,0,0
1,0.375,0.0,0,0,0,0,0,0,0,0,0,0,1,0,0,1,0,0,0,0,0,0
1,0.75,0.0,0,0,0,0,0,0,0,0,0,0,1,0,0,0,0,1,0,0,0,0
1,0.46875,0.0,0,0,0,0,0,0,0,0,0,0,1,0,0,1,0,0,0,0,0,0
1,0.46875,0.0,0,0,0,0,0,0,0,0,0,0,1,0,0,1,0,0,0,0,0,0
1,0.4375,0.0,0,0,0,0,0,0,0,0,0,0,1,0,0,1,0,0,0,0,0,0
1,0.5,0.37037037037037035,0,0,1,0,0,0,0,0,0,0,0,0,0,0,0,0,0,0,1,0
1,0.59375,0.0,0,0,1,0,0,0,0,0,0,0,0,0,0,0,0,0,0,1,0,0
1,0.4375,0.0,0,0,0,0,0,0,0,0,0,0,1,0,0,1,0,0,0,0,0,0
1,0.28125,0.0,0,0,0,0,0,0,0,0,1,0,0,0,0,0,0,0,0,0,0,1
1,0.875,0.0,0,0,0,0,0,0,0,0,0,0,1,0,0,0,0,1,0,0,0,0
1,0.5,0.37037037037037035,0,0,0,0,0,0,0,0,0,1,0,0,0,0,0,0,0,0,1,0
1,0.46875,0.0,0,0,0,0,0,0,0,0,0,0,1,0,0,1,0,0,0,0,0,0
1,0.375,0.0,0,0,0,0,0,0,0,0,0,0,1,0,0,1,0,0,0,0,0,0
1,0.28125,0.0,0,0,0,0,0,0,0,0,1,0,0,0,0,0,0,0,0,0,0,1
1,0.375,0.0,0,0,0,0,0,0,0,0,0,0,1,0,0,1,0,0,0,0,0,0
1,0.40625,0.0,0,0,0,0,0,0,0,0,0,0,1,0,0,1,0,0,0,0,0,0
1,0.46875,0.0,0,0,0,0,0,0,0,0,0,0,1,0,0,1,0,0,0,0,0,0
1,0.625,0.18518518518518517,0,0,0,0,0,0,0,0,1,0,0,0,0,0,0,0,0,0,1,0
1,0.28125,0.0,0,0,0,0,0,0,0,0,1,0,0,0,0,0,0,0,0,0,0,1
1,0.375,0.0,0,0,0,0,0,0,0,0,1,0,0,0,0,0,0,0,0,0,0,1
1,0.46875,0.37037037037037035,0,0,0,0,0,0,0,0,1,0,0,0,0,0,1,0,0,0,0,0
1,0.4375,0.0,0,0,0,0,0,0,0,0,0,0,1,0,0,1,0,0,0,0,0,0
1,0.28125,0.0,0,0,0,0,0,0,0,0,1,0,0,0,0,0,0,0,0,0,0,1
1,0.53125,0.3333333333333333,0,0,0,0,0,0,0,0,1,0,0,0,0,0,1,0,0,0,0,0
1,0.40625,0.0,0,0,0,0,0,0,0,0,0,0,1,0,0,1,0,0,0,0,0,0
1,0.375,0.0,0,0,0,0,0,0,0,0,0,0,1,0,0,1,0,0,0,0,0,0
1,0.4375,0.0,0,0,0,0,0,0,0,0,0,0,1,0,0,1,0,0,0,0,0,0
1,0.375,0.0,0,0,0,0,0,0,0,0,0,0,1,0,0,1,0,0,0,0,0,0
1,0.4375,0.0,0,0,0,0,0,0,0,0,0,0,1,0,0,1,0,0,0,0,0,0
1,0.78125,0.0,0,0,0,0,0,0,0,0,0,0,1,0,0,0,0,1,0,0,0,0
1,0.625,0.1111111111111111,0,0,0,0,0,0,0,0,0,1,0,0,0,0,1,0,0,0,0,0
1,0.5625,0.2222222222222222,0,0,0,0,0,0,0,0,0,1,0,0,0,0,0,0,0,0,1,0
1,0.4375,0.0,0,0,0,0,0,0,0,0,0,0,1,0,0,1,0,0,0,0,0,0
1,0.5625,0.2962962962962963,0,0,0,0,0,0,0,0,0,1,0,0,0,0,1,0,0,0,0,0
1,0.4375,0.0,0,0,0,0,0,0,0,0,0,0,1,0,0,1,0,0,0,0,0,0
1,0.4375,0.0,0,0,0,0,0,1,0,0,0,0,0,0,0,1,0,0,0,0,0,0
1,0.46875,0.0,0,0,0,0,0,0,0,0,0,0,1,0,0,1,0,0,0,0,0,0
1,0.4375,0.0,0,0,1,0,0,0,0,0,0,0,0,0,0,1,0,0,0,0,0,0
1,0.40625,0.0,0,0,0,0,0,0,0,0,0,0,1,0,0,1,0,0,0,0,0,0
1,0.4375,0.0,0,0,0,0,0,0,0,0,0,0,1,0,0,1,0,0,0,0,0,0
1,0.375,0.0,0,0,0,0,0,0,0,0,0,0,1,0,0,1,0,0,0,0,0,0
1,0.4375,0.0,0,0,0,0,0,0,0,0,0,0,1,0,0,1,0,0,0,0,0,0
1,0.75,0.0,0,0,0,0,0,0,0,0,0,0,1,0,0,0,0,1,0,0,0,0
1,0.71875,0.0,0,0,0,0,0,0,0,0,0,0,1,0,0,0,0,1,0,0,0,0
1,0.65625,0.0,0,0,0,0,0,0,0,0,0,0,1,0,0,0,0,1,0,0,0,0
1,0.25,0.0,0,0,0,0,0,0,0,0,1,0,0,0,0,0,0,0,0,0,0,1
1,0.375,0.0,0,0,0,0,0,0,0,0,0,0,1,0,0,1,0,0,0,0,0,0
1,0.53125,0.37037037037037035,0,0,0,0,0,0,0,0,1,0,0,0,0,0,1,0,0,0,0,0
1,0.375,0.0,0,0,0,0,0,0,0,0,0,0,1,0,0,1,0,0,0,0,0,0
1,0.375,0.0,0,0,0,0,0,0,0,0,0,0,1,0,0,1,0,0,0,0,0,0
1,0.4375,0.0,0,0,0,0,0,0,0,0,0,0,1,0,0,1,0,0,0,0,0,0
1,0.28125,0.0,0,0,0,0,0,0,0,0,1,0,0,0,0,0,0,0,0,0,0,1
1,0.53125,0.2962962962962963,0,0,0,0,0,0,0,0,1,0,0,0,0,0,1,0,0,0,0,0
1,0.40625,0.0,0,0,0,0,0,1,0,0,0,0,0,0,0,1,0,0,0,0,0,0
1,0.4375,0.0,0,0,0,0,0,0,0,0,0,1,0,0,0,1,0,0,0,0,0,0
1,0.59375,0.2222222222222222,0,0,0,0,0,0,0,0,0,1,0,0,0,0,0,0,0,0,1,0
1,0.40625,0.0,0,0,0,0,0,0,0,0,0,0,1,0,0,1,0,0,0,0,0,0
1,0.53125,0.3333333333333333,0,0,0,0,0,0,0,0,0,1,0,0,0,0,1,0,0,0,0,0
1,0.53125,0.37037037037037035,1,0,0,0,0,0,0,0,0,0,0,0,0,0,1,0,0,0,0,0
1,0.40625,0.0,0,0,0,0,0,0,0,0,0,0,1,0,0,1,0,0,0,0,0,0
1,0.53125,0.3333333333333333,0,0,1,0,0,0,0,0,0,0,0,0,0,0,0,0,0,0,1,0
1,0.4375,0.0,0,0,0,0,0,0,0,0,0,0,1,0,0,1,0,0,0,0,0,0
1,0.25,0.0,0,0,0,0,0,0,0,0,1,0,0,0,0,0,0,0,0,0,0,1
1,0.5625,0.2222222222222222,0,0,0,0,0,0,0,0,1,0,0,0,0,0,0,0,0,0,1,0
1,0.40625,0.0,0,0,1,0,0,0,0,0,0,0,0,0,0,1,0,0,0,0,0,0
1,0.46875,0.0,0,0,0,0,0,0,0,0,0,0,1,0,0,1,0,0,0,0,0,0
1,0.3125,0.0,0,0,0,0,0,0,0,0,1,0,0,0,0,0,0,0,0,0,0,1
1,0.40625,0.0,0,0,0,0,0,0,0,0,0,0,1,0,0,1,0,0,0,0,0,0
1,0.46875,0.0,0,0,0,0,0,0,0,0,0,0,1,0,0,1,0,0,0,0,0,0
1,0.4375,0.0,0,0,0,0,0,0,0,0,0,0,1,0,0,1,0,0,0,0,0,0
1,0.46875,0.0,0,0,0,0,0,0,0,0,0,0,1,0,0,1,0,0,0,0,0,0
1,0.28125,0.0,0,0,0,0,0,0,0,0,1,0,0,0,0,0,0,0,0,0,0,1
1,0.65625,0.2222222222222222,0,0,0,0,0,0,0,0,1,0,0,0,0,0,0,0,0,0,1,0
1,0.25,0.0,0,0,0,0,0,0,0,0,1,0,0,0,0,0,0,0,0,0,0,1
1,0.4375,0.4444444444444444,0,0,0,0,0,0,0,0,0,1,0,0,0,0,1,0,0,0,0,0
1,0.4375,0.0,0,0,0,0,0,0,0,0,0,0,1,0,0,1,0,0,0,0,0,0
1,0.25,0.0,0,0,0,0,0,0,0,0,1,0,0,0,0,0,0,0,0,0,0,1
1,0.59375,0.2962962962962963,0,0,0,0,0,0,0,0,0,1,0,0,0,0,0,0,0,0,1,0
1,0.4375,0.0,0,0,0,0,0,0,0,0,0,0,1,0,0,1,0,0,0,0,0,0
1,0.28125,0.0,0,0,0,0,0,0,1,0,0,0,0,0,0,0,0,0,0,1,0,0
1,0.375,0.0,0,0,0,0,0,0,0,0,0,0,1,0,0,1,0,0,0,0,0,0
1,0.59375,0.2962962962962963,0,0,0,0,0,0,0,0,1,0,0,0,0,0,0,0,0,0,1,0
1,0.375,0.0,0,0,0,0,0,0,0,0,0,0,1,0,0,1,0,0,0,0,0,0
1,0.5625,0.37037037037037035,0,0,0,0,0,0,0,0,1,0,0,0,0,0,1,0,0,0,0,0
1,0.4375,0.0,0,0,0,0,0,0,0,0,0,0,1,0,0,1,0,0,0,0,0,0
1,0.375,0.0,0,0,0,0,0,0,0,0,0,0,1,0,0,1,0,0,0,0,0,0
1,0.46875,0.0,0,0,0,0,0,0,0,0,0,0,1,0,0,1,0,0,0,0,0,0
1,0.375,0.0,0,0,0,0,0,0,0,0,0,0,1,0,0,1,0,0,0,0,0,0
1,0.40625,0.0,0,0,0,0,0,0,0,0,0,0,1,0,0,1,0,0,0,0,0,0
1,0.40625,0.0,0,0,0,0,0,0,0,0,0,0,1,0,0,1,0,0,0,0,0,0
1,0.4375,0.0,0,0,0,0,0,0,0,0,0,0,1,0,0,1,0,0,0,0,0,0
1,0.84375,0.0,0,0,0,0,0,0,0,0,0,0,1,0,0,0,0,1,0,0,0,0
1,0.25,0.0,0,0,0,0,0,0,0,0,1,0,0,0,0,0,0,0,0,0,0,1
1,0.4375,0.0,0,0,0,0,0,1,0,0,0,0,0,0,0,1,0,0,0,0,0,0
1,0.4375,0.0,0,0,0,0,0,0,0,0,0,0,1,0,0,1,0,0,0,0,0,0
1,0.65625,0.2222222222222222,0,0,1,0,0,0,0,0,0,0,0,0,0,0,0,0,0,0,1,0
1,0.46875,0.0,1,0,0,0,0,0,0,0,0,0,0,0,0,1,0,0,0,0,0,0
1,0.46875,0.0,0,0,0,0,0,0,0,0,0,0,1,0,0,1,0,0,0,0,0,0
1,0.4375,0.0,1,0,0,0,0,0,0,0,0,0,0,0,0,1,0,0,0,0,0,0
1,0.5625,0.3333333333333333,0,0,0,0,0,0,0,0,0,1,0,0,0,0,0,0,0,0,1,0
1,0.53125,0.3333333333333333,0,0,1,0,0,0,0,0,0,0,0,0,0,0,0,0,0,0,1,0
1,0.40625,0.0,0,0,0,0,0,0,0,0,0,0,1,0,0,1,0,0,0,0,0,0
1,0.4375,0.48148148148148145,0,0,0,0,0,0,0,0,1,0,0,0,0,0,0,0,0,0,1,0
1,0.4375,0.3333333333333333,0,0,1,0,0,0,0,0,0,0,0,0,0,0,0,0,0,0,1,0
1,0.59375,0.2962962962962963,0,0,0,0,0,0,0,0,1,0,0,0,0,0,1,0,0,0,0,0
1,0.5,0.37037037037037035,0,0,0,0,0,0,0,0,1,0,0,0,0,0,0,0,0,0,1,0
1,0.4375,0.0,0,0,0,0,0,0,0,0,0,0,1,0,0,1,0,0,0,0,0,0
1,0.8125,0.0,0,0,0,0,0,0,0,0,0,0,1,0,0,0,0,1,0,0,0,0
1,0.46875,0.4074074074074074,0,0,0,0,0,0,0,0,1,0,0,0,0,0,1,0,0,0,0,0
1,0.40625,0.0,0,0,0,0,0,0,0,0,0,0,1,0,0,1,0,0,0,0,0,0
1,0.5625,0.5185185185185185,0,0,0,0,0,0,0,0,0,1,0,0,1,0,0,0,0,0,0,0
1,0.78125,0.0,0,0,0,0,0,0,0,0,0,0,1,0,0,0,0,1,0,0,0,0
1,0.28125,0.0,0,0,0,0,0,0,0,0,1,0,0,0,0,0,0,0,0,0,0,1
1,0.4375,0.0,0,0,0,0,0,0,0,0,0,0,1,0,0,1,0,0,0,0,0,0
1,0.34375,0.7777777777777777,0,0,0,0,0,0,0,0,0,1,0,0,1,0,0,0,0,0,0,0
1,0.84375,0.0,0,0,0,0,0,0,0,0,0,0,1,0,0,0,0,1,0,0,0,0
1,0.4375,0.0,0,0,0,0,0,0,0,0,0,0,1,0,0,1,0,0,0,0,0,0
1,0.5,0.3333333333333333,1,0,0,0,0,0,0,0,0,0,0,0,0,0,1,0,0,0,0,0
1,0.40625,0.0,0,0,0,0,0,0,0,0,0,0,1,0,0,1,0,0,0,0,0,0
1,0.46875,0.0,0,0,0,0,0,0,0,0,0,0,1,0,0,1,0,0,0,0,0,0
1,0.25,0.0,0,0,0,0,0,0,0,0,1,0,0,0,0,0,0,0,0,0,0,1
1,0.53125,0.4074074074074074,0,0,0,0,0,0,0,0,1,0,0,0,0,0,0,0,0,0,1,0
1,0.59375,0.25925925925925924,0,0,0,0,0,0,0,0,1,0,0,0,0,0,1,0,0,0,0,0
1,0.5,0.37037037037037035,0,0,1,0,0,0,0,0,0,0,0,0,0,0,1,0,0,0,0,0
1,0.59375,0.25925925925925924,1,0,0,0,0,0,0,0,0,0,0,0,0,0,0,0,0,0,1,0
1,0.53125,0.4074074074074074,0,0,1,0,0,0,0,0,0,0,0,0,0,0,1,0,0,0,0,0
1,0.59375,0.2962962962962963,1,0,0,0,0,0,0,0,0,0,0,0,0,0,0,0,0,0,1,0
1,0.28125,0.0,0,0,0,0,0,0,0,0,1,0,0,0,0,0,0,0,0,0,0,1
1,0.4375,0.0,0,0,0,0,0,0,0,0,0,0,1,0,0,1,0,0,0,0,0,0
1,0.53125,0.37037037037037035,0,0,0,0,0,0,0,0,0,1,0,0,0,0,1,0,0,0,0,0
1,0.5625,0.2962962962962963,0,0,1,0,0,0,0,0,0,0,0,0,0,0,0,0,0,0,1,0
1,0.5,0.37037037037037035,0,0,0,0,0,0,0,0,0,1,0,0,0,0,0,0,0,0,1,0
1,0.375,0.0,0,0,0,0,0,1,0,0,0,0,0,0,0,1,0,0,0,0,0,0
1,0.53125,0.5555555555555556,0,0,0,0,0,0,0,0,0,1,0,0,1,0,0,0,0,0,0,0
1,0.75,0.0,0,0,0,0,0,0,0,0,0,0,1,0,0,0,0,1,0,0,0,0
1,0.4375,0.48148148148148145,0,0,0,0,0,0,0,0,1,0,0,0,0,0,0,0,0,0,1,0
1,0.375,0.0,0,0,0,0,0,0,0,0,1,0,0,0,0,0,0,0,0,1,0,0
1,0.46875,0.0,0,0,0,0,0,0,0,0,0,0,1,0,0,1,0,0,0,0,0,0
1,0.28125,0.0,0,0,0,0,0,0,0,0,1,0,0,0,0,0,0,0,0,0,0,1
1,0.375,0.0,0,0,0,0,0,0,0,0,0,0,1,0,0,1,0,0,0,0,0,0
1,0.4375,0.0,0,0,0,0,0,0,0,0,0,0,1,0,0,1,0,0,0,0,0,0
1,0.46875,0.0,0,0,0,0,0,1,0,0,0,0,0,0,0,1,0,0,0,0,0,0
1,0.25,0.0,0,0,0,0,0,0,0,0,1,0,0,0,0,0,0,0,0,0,0,1
1,0.59375,0.25925925925925924,0,0,1,0,0,0,0,0,0,0,0,0,0,0,1,0,0,0,0,0
1,0.4375,0.0,0,0,0,0,0,0,0,0,0,0,1,0,0,1,0,0,0,0,0,0
1,0.4375,0.4444444444444444,1,0,0,0,0,0,0,0,0,0,0,0,0,0,1,0,0,0,0,0
1,0.4375,0.0,0,1,0,0,0,0,0,0,0,0,0,0,0,1,0,0,0,0,0,0
1,0.40625,0.0,0,0,0,0,0,0,0,0,0,0,1,0,0,1,0,0,0,0,0,0
1,0.40625,0.0,0,0,0,0,0,0,0,0,0,0,1,0,0,1,0,0,0,0,0,0
1,0.53125,0.3333333333333333,0,0,0,0,0,0,0,0,1,0,0,0,0,0,0,0,0,0,1,0
1,0.53125,0.0,0,0,0,0,0,0,0,0,0,0,1,0,0,0,0,0,0,1,0,0
1,0.375,0.0,0,0,0,0,0,0,0,0,0,0,1,0,0,1,0,0,0,0,0,0
1,0.375,0.0,0,0,0,0,0,0,0,0,0,0,1,0,0,1,0,0,0,0,0,0
1,0.375,0.0,0,0,0,0,0,0,0,0,0,0,1,0,0,1,0,0,0,0,0,0
1,0.46875,0.4074074074074074,0,0,0,0,0,0,0,0,1,0,0,0,0,0,0,0,0,0,1,0
1,0.375,0.0,0,0,0,0,0,0,0,0,1,0,0,0,0,1,0,0,0,0,0,0
1,0.46875,0.0,0,0,0,0,0,0,0,0,0,0,1,0,0,1,0,0,0,0,0,0
1,0.46875,0.0,0,0,0,0,0,0,0,0,0,0,1,0,0,1,0,0,0,0,0,0
1,0.40625,0.0,0,0,0,0,0,0,0,0,0,0,1,0,0,1,0,0,0,0,0,0
1,0.40625,0.0,0,0,0,0,0,0,0,0,0,0,1,0,0,1,0,0,0,0,0,0
1,0.28125,0.0,0,0,0,0,0,0,0,0,1,0,0,0,0,0,0,0,0,0,0,1
1,0.28125,0.0,0,0,0,0,0,0,0,0,1,0,0,0,0,0,0,0,0,0,0,1
1,0.40625,0.0,0,0,0,0,0,0,0,0,0,0,1,0,0,1,0,0,0,0,0,0
1,0.53125,0.3333333333333333,0,0,0,0,0,0,0,0,0,1,0,0,0,0,0,0,0,0,1,0
1,0.46875,0.0,0,0,0,0,0,0,0,0,0,0,1,0,0,1,0,0,0,0,0,0
1,0.46875,0.0,0,1,0,0,0,0,0,0,0,0,0,0,0,1,0,0,0,0,0,0
1,0.5625,0.0,0,0,1,0,0,0,0,0,0,0,0,0,0,0,0,0,0,1,0,0
1,0.375,0.0,0,0,0,0,0,0,0,0,0,0,1,0,0,1,0,0,0,0,0,0
1,0.71875,0.0,0,0,0,0,0,0,0,0,0,0,1,0,0,0,0,1,0,0,0,0
1,0.4375,0.0,0,0,0,0,0,0,0,0,0,0,1,0,0,1,0,0,0,0,0,0
1,0.46875,0.0,0,0,0,0,0,0,0,0,0,0,1,0,0,1,0,0,0,0,0,0
1,0.28125,0.0,0,0,0,0,0,0,0,0,1,0,0,0,0,0,0,0,0,0,0,1
1,0.40625,0.0,0,0,0,0,0,1,0,0,0,0,0,0,0,1,0,0,0,0,0,0
1,0.46875,0.4074074074074074,0,0,1,0,0,0,0,0,0,0,0,0,0,0,0,0,0,0,1,0
1,0.65625,0.18518518518518517,0,0,0,0,0,0,0,0,0,1,0,0,0,0,1,0,0,0,0,0
1,0.4375,0.4444444444444444,0,0,0,0,0,0,0,0,0,1,0,0,0,0,0,0,0,0,1,0
1,0.375,0.0,0,0,1,0,0,0,0,0,0,0,0,0,0,1,0,0,0,0,0,0
1,0.4375,0.0,0,0,0,0,0,0,0,0,0,0,1,0,0,1,0,0,0,0,0,0
1,0.46875,0.0,0,0,0,0,0,0,0,0,0,0,1,0,0,1,0,0,0,0,0,0
1,0.40625,0.0,0,0,0,0,0,1,0,0,0,0,0,0,0,1,0,0,0,0,0,0
1,0.375,0.0,0,0,0,0,0,0,0,0,0,0,1,0,0,1,0,0,0,0,0,0
1,0.3125,0.0,0,0,0,0,0,0,0,0,1,0,0,0,0,0,0,0,0,0,0,1
1,0.4375,0.0,0,0,0,0,0,0,0,0,0,0,1,0,0,1,0,0,0,0,0,0
1,0.4375,0.48148148148148145,1,0,0,0,0,0,0,0,0,0,0,0,0,0,1,0,0,0,0,0
1,0.46875,0.0,0,0,0,0,0,0,0,0,0,0,1,0,0,1,0,0,0,0,0,0
1,0.6875,0.0,0,0,0,0,0,0,0,0,0,0,1,0,0,0,0,1,0,0,0,0
1,0.4375,0.0,0,0,1,0,0,0,0,0,0,0,0,0,0,1,0,0,0,0,0,0
1,0.375,0.0,1,0,0,0,0,0,0,0,0,0,0,0,0,1,0,0,0,0,0,0
1,0.40625,0.0,0,0,0,0,0,0,0,0,0,0,1,0,0,1,0,0,0,0,0,0
1,0.5,0.4074074074074074,0,0,0,0,0,0,0,0,1,0,0,0,0,0,0,0,0,0,1,0
1,0.46875,0.0,1,0,0,0,0,0,0,0,0,0,0,0,0,1,0,0,0,0,0,0
1,0.5625,0.2962962962962963,0,0,1,0,0,0,0,0,0,0,0,0,0,0,0,0,0,0,1,0
1,0.28125,0.0,0,0,0,0,0,0,0,0,1,0,0,0,0,0,0,0,0,0,0,1
1,0.375,0.0,0,0,0,0,0,0,0,0,0,0,1,0,0,1,0,0,0,0,0,0
1,0.40625,0.0,0,0,0,0,0,0,0,0,0,0,1,0,0,1,0,0,0,0,0,0
1,0.40625,0.0,0,0,0,0,0,0,0,0,1,0,0,0,0,0,0,0,0,0,0,1
1,0.6875,0.0,0,0,0,0,0,0,0,0,0,0,1,0,0,0,0,1,0,0,0,0
0,0.59375,0.0,0,0,1,0,0,0,0,0,0,0,0,1,0,0,0,0,0,0,0,0
0,0.34375,0.0,0,0,0,0,0,0,0,0,0,0,1,1,0,0,0,0,0,0,0,0
0,0.53125,0.0,0,0,1,0,0,0,0,0,0,0,0,0,0,0,0,0,1,0,0,0
0,0.5625,0.0,0,0,1,0,0,0,0,0,0,0,0,0,0,0,0,0,1,0,0,0
0,0.4375,0.0,0,0,1,0,0,0,0,0,0,0,0,0,0,0,0,0,1,0,0,0
0,0.3125,0.0,0,0,0,1,0,0,0,0,0,0,0,0,0,0,0,0,1,0,0,0
0,0.15625,0.1111111111111111,0,0,1,0,0,0,0,0,0,0,0,0,0,0,0,0,1,0,0,0
0,0.15625,0.0,0,0,0,0,0,0,1,0,0,0,0,1,0,0,0,0,0,0,0,0
0,0.28125,0.0,0,0,0,0,0,0,0,0,0,0,1,1,0,0,0,0,0,0,0,0
0,0.46875,0.0,0,0,1,0,0,0,0,0,0,0,0,0,0,0,0,0,1,0,0,0
0,0.71875,0.0,0,0,1,0,0,0,0,0,0,0,0,1,0,0,0,0,0,0,0,0
0,0.15625,0.1111111111111111,0,0,1,0,0,0,0,0,0,0,0,1,0,0,0,0,0,0,0,0
0,0.4375,0.0,0,0,1,0,0,0,0,0,0,0,0,0,0,0,0,0,1,0,0,0
0,0.4375,0.0,0,0,1,0,0,0,0,0,0,0,0,0,0,0,0,0,1,0,0,0
0,0.28125,0.0,0,0,1,0,0,0,0,0,0,0,0,0,0,0,0,0,1,0,0,0
0,0.21875,0.0,0,0,1,0,0,0,0,0,0,0,0,0,0,0,0,0,1,0,0,0
0,0.21875,0.0,0,0,1,0,0,0,0,0,0,0,0,1,0,0,0,0,0,0,0,0
0,0.375,0.037037037037037035,0,0,1,0,0,0,0,0,0,0,0,1,0,0,0,0,0,0,0,0
0,0.375,0.0,0,0,0,0,0,0,0,0,1,0,0,1,0,0,0,0,0,0,0,0
0,0.5,0.0,0,0,1,0,0,0,0,0,0,0,0,1,0,0,0,0,0,0,0,0
0,0.4375,0.0,0,0,1,0,0,0,0,0,0,0,0,0,0,0,0,0,1,0,0,0
0,0.28125,0.0,0,0,1,0,0,0,0,0,0,0,0,1,0,0,0,0,0,0,0,0
0,0.5,0.0,0,0,1,0,0,0,0,0,0,0,0,1,0,0,0,0,0,0,0,0
0,0.375,0.0,0,0,1,0,0,0,0,0,0,0,0,1,0,0,0,0,0,0,0,0
0,0.375,0.0,0,0,1,0,0,0,0,0,0,0,0,0,0,0,0,0,1,0,0,0
0,0.25,0.0,0,0,0,0,0,1,0,0,0,0,0,0,0,0,0,0,1,0,0,0
0,0.25,0.0,0,0,0,0,0,0,0,0,0,0,1,1,0,0,0,0,0,0,0,0
0,0.28125,0.0,0,0,1,0,0,0,0,0,0,0,0,0,0,0,0,0,1,0,0,0
0,0.28125,0.0,0,0,1,0,0,0,0,0,0,0,0,0,0,0,0,0,1,0,0,0
0,0.125,0.0,0,0,1,0,0,0,0,0,0,0,0,1,0,0,0,0,0,0,0,0
0,0.21875,0.037037037037037035,0,0,0,0,0,0,0,0,0,0,1,0,0,0,0,0,1,0,0,0
0,0.25,0.0,0,0,1,0,0,0,0,0,0,0,0,1,0,0,0,0,0,0,0,0
0,0.3125,0.0,0,0,1,0,0,0,0,0,0,0,0,0,0,0,0,0,1,0,0,0
0,0.59375,0.0,0,0,1,0,0,0,0,0,0,0,0,0,0,0,0,0,1,0,0,0
0,0.3125,0.0,0,0,0,0,0,0,0,0,1,0,0,1,0,0,0,0,0,0,0,0
0,0.25,0.0,0,0,1,0,0,0,0,0,0,0,0,1,0,0,0,0,0,0,0,0
0,0.09375,0.0,0,0,0,0,0,0,0,0,0,1,0,1,0,0,0,0,0,0,0,0
0,0.28125,0.0,0,0,0,0,0,0,0,0,0,0,1,1,0,0,0,0,0,0,0,0
0,0.5625,0.0,0,0,1,0,0,0,0,0,0,0,0,0,0,0,0,0,1,0,0,0
0,0.28125,0.0,0,0,0,0,0,0,0,0,1,0,0,0,0,0,0,0,1,0,0,0
0,0.21875,0.0,0,0,0,0,0,0,0,0,1,0,0,1,0,0,0,0,0,0,0,0
0,0.25,0.0,0,0,0,0,0,1,0,0,0,0,0,0,0,0,0,0,1,0,0,0
0,0.4375,0.0,0,0,1,0,0,0,0,0,0,0,0,1,0,0,0,0,0,0,0,0
0,0.21875,0.0,0,0,1,0,0,0,0,0,0,0,0,0,0,0,0,0,1,0,0,0
0,0.375,0.0,0,0,1,0,0,0,0,0,0,0,0,0,0,0,0,0,1,0,0,0
0,0.46875,0.0,0,0,1,0,0,0,0,0,0,0,0,1,0,0,0,0,0,0,0,0
0,0.34375,0.0,0,0,1,0,0,0,0,0,0,0,0,1,0,0,0,0,0,0,0,0
0,0.53125,0.0,0,0,1,0,0,0,0,0,0,0,0,1,0,0,0,0,0,0,0,0
0,0.0625,0.1111111111111111,0,0,1,0,0,0,0,0,0,0,0,1,0,0,0,0,0,0,0,0
0,0.46875,0.0,0,0,1,0,0,0,0,0,0,0,0,1,0,0,0,0,0,0,0,0
0,0.3125,0.0,0,0,1,0,0,0,0,0,0,0,0,1,0,0,0,0,0,0,0,0
0,0.34375,0.0,0,0,1,0,0,0,0,0,0,0,0,1,0,0,0,0,0,0,0,0
0,0.3125,0.0,0,0,1,0,0,0,0,0,0,0,0,0,0,0,0,0,1,0,0,0
0,0.4375,0.0,0,0,1,0,0,0,0,0,0,0,0,0,0,0,0,0,1,0,0,0
0,0.3125,0.0,0,0,1,0,0,0,0,0,0,0,0,1,0,0,0,0,0,0,0,0
0,0.15625,0.0,0,0,0,0,0,0,0,0,0,0,1,1,0,0,0,0,0,0,0,0
0,0.34375,0.0,0,0,1,0,0,0,0,0,0,0,0,0,0,0,0,0,1,0,0,0
0,0.375,0.0,0,0,1,0,0,0,0,0,0,0,0,1,0,0,0,0,0,0,0,0
0,0.375,0.0,0,0,1,0,0,0,0,0,0,0,0,0,0,0,0,0,1,0,0,0
0,0.375,0.0,0,0,1,0,0,0,0,0,0,0,0,0,0,0,0,0,1,0,0,0
0,0.3125,0.0,0,0,1,0,0,0,0,0,0,0,0,0,0,0,0,0,1,0,0,0
0,0.4375,0.0,0,0,1,0,0,0,0,0,0,0,0,0,0,0,0,0,1,0,0,0
0,0.28125,0.0,0,0,1,0,0,0,0,0,0,0,0,0,0,0,0,0,1,0,0,0
0,0.40625,0.0,0,0,1,0,0,0,0,0,0,0,0,1,0,0,0,0,0,0,0,0
0,0.3125,0.0,0,0,1,0,0,0,0,0,0,0,0,0,0,0,0,0,1,0,0,0
0,0.40625,0.0,0,0,1,0,0,0,0,0,0,0,0,1,0,0,0,0,0,0,0,0
0,0.3125,0.0,0,0,1,0,0,0,0,0,0,0,0,0,0,0,0,0,1,0,0,0
0,0.34375,0.0,0,0,1,0,0,0,0,0,0,0,0,0,0,0,0,0,1,0,0,0
0,0.75,0.0,0,0,1,0,0,0,0,0,0,0,0,0,0,0,0,0,1,0,0,0
0,0.21875,0.0,0,0,1,0,0,0,0,0,0,0,0,1,0,0,0,0,0,0,0,0
0,0.40625,0.0,0,0,1,0,0,0,0,0,0,0,0,0,0,0,0,0,1,0,0,0
0,0.28125,0.0,0,0,1,0,0,0,0,0,0,0,0,1,0,0,0,0,0,0,0,0
0,0.25,0.0,0,0,1,0,0,0,0,0,0,0,0,0,0,0,0,0,1,0,0,0
0,0.4375,0.0,0,0,1,0,0,0,0,0,0,0,0,1,0,0,0,0,0,0,0,0
0,0.3125,0.0,0,0,1,0,0,0,0,0,0,0,0,1,0,0,0,0,0,0,0,0
0,0.28125,0.0,0,0,1,0,0,0,0,0,0,0,0,0,0,0,0,0,1,0,0,0
0,0.40625,0.0,0,0,0,0,1,0,0,0,0,0,0,0,0,0,0,0,1,0,0,0
0,0.40625,0.0,0,0,1,0,0,0,0,0,0,0,0,0,0,0,0,0,1,0,0,0
0,0.21875,0.0,0,0,1,0,0,0,0,0,0,0,0,0,0,0,0,0,1,0,0,0
0,0.25,0.0,0,0,1,0,0,0,0,0,0,0,0,0,0,0,0,0,1,0,0,0
0,0.3125,0.0,0,0,1,0,0,0,0,0,0,0,0,0,0,0,0,0,1,0,0,0
0,0.3125,0.0,0,0,0,0,0,0,0,0,1,0,0,0,0,0,0,0,1,0,0,0
0,0.40625,0.0,0,0,1,0,0,0,0,0,0,0,0,0,0,0,0,0,1,0,0,0
0,0.5,0.0,0,0,1,0,0,0,0,0,0,0,0,1,0,0,0,0,0,0,0,0
0,0.125,0.1111111111111111,0,0,1,0,0,0,0,0,0,0,0,0,0,0,0,0,1,0,0,0
0,0.25,0.0,0,0,1,0,0,0,0,0,0,0,0,1,0,0,0,0,0,0,0,0
0,0.46875,0.0,0,0,1,0,0,0,0,0,0,0,0,0,0,0,0,0,1,0,0,0
0,0.4375,0.0,0,0,1,0,0,0,0,0,0,0,0,0,0,0,0,0,1,0,0,0
0,0.25,0.0,0,0,1,0,0,0,0,0,0,0,0,0,0,0,0,0,1,0,0,0
0,0.625,0.0,0,0,1,0,0,0,0,0,0,0,0,0,0,0,0,0,1,0,0,0
0,0.28125,0.0,0,0,1,0,0,0,0,0,0,0,0,1,0,0,0,0,0,0,0,0
0,0.4375,0.0,0,0,1,0,0,0,0,0,0,0,0,1,0,0,0,0,0,0,0,0
0,0.25,0.0,0,0,1,0,0,0,0,0,0,0,0,1,0,0,0,0,0,0,0,0
0,0.21875,0.0,0,0,1,0,0,0,0,0,0,0,0,1,0,0,0,0,0,0,0,0
0,0.28125,0.0,0,0,0,0,1,0,0,0,0,0,0,1,0,0,0,0,0,0,0,0
0,0.34375,0.0,0,0,0,0,0,0,0,0,0,0,1,0,0,0,0,0,1,0,0,0
0,0.34375,0.0,0,0,1,0,0,0,0,0,0,0,0,1,0,0,0,0,0,0,0,0
0,0.34375,0.0,0,0,0,0,0,0,0,1,0,0,0,1,0,0,0,0,0,0,0,0
0,0.25,0.0,0,0,0,0,0,0,0,0,1,0,0,0,0,0,0,0,1,0,0,0
0,0.21875,0.0,0,0,1,0,0,0,0,0,0,0,0,1,0,0,0,0,0,0,0,0
0,0.3125,0.0,0,0,1,0,0,0,0,0,0,0,0,1,0,0,0,0,0,0,0,0
0,0.40625,0.0,0,0,1,0,0,0,0,0,0,0,0,0,0,0,0,0,1,0,0,0
0,0.40625,0.0,0,0,1,0,0,0,0,0,0,0,0,1,0,0,0,0,0,0,0,0
0,0.40625,0.0,0,0,0,0,1,0,0,0,0,0,0,1,0,0,0,0,0,0,0,0
0,0.1875,0.0,0,0,1,0,0,0,0,0,0,0,0,1,0,0,0,0,0,0,0,0
0,0.09375,0.0,0,0,1,0,0,0,0,0,0,0,0,1,0,0,0,0,0,0,0,0
0,0.34375,0.0,0,0,1,0,0,0,0,0,0,0,0,1,0,0,0,0,0,0,0,0
0,0.1875,0.0,0,0,1,0,0,0,0,0,0,0,0,1,0,0,0,0,0,0,0,0
0,0.21875,0.0,0,0,1,0,0,0,0,0,0,0,0,0,0,0,0,0,1,0,0,0
0,0.46875,0.0,0,0,1,0,0,0,0,0,0,0,0,0,0,0,0,0,1,0,0,0
0,0.40625,0.0,0,1,0,0,0,0,0,0,0,0,0,0,0,0,0,0,1,0,0,0
0,0.3125,0.0,0,0,0,0,0,0,0,0,1,0,0,0,0,0,0,0,1,0,0,0
0,0.25,0.0,0,0,1,0,0,0,0,0,0,0,0,1,0,0,0,0,0,0,0,0
0,0.0625,0.07407407407407407,0,0,0,0,0,0,0,0,1,0,0,1,0,0,0,0,0,0,0,0
0,0.21875,0.0,0,0,1,0,0,0,0,0,0,0,0,0,0,0,0,0,1,0,0,0
0,0.4375,0.0,0,0,1,0,0,0,0,0,0,0,0,0,0,0,0,0,1,0,0,0
0,0.28125,0.0,0,0,0,0,0,0,0,0,1,0,0,0,0,0,0,0,1,0,0,0
0,0.4375,0.0,0,0,1,0,0,0,0,0,0,0,0,0,0,0,0,0,1,0,0,0
0,0.21875,0.037037037037037035,0,0,1,0,0,0,0,0,0,0,0,0,0,0,0,0,1,0,0,0
0,0.34375,0.0,0,0,1,0,0,0,0,0,0,0,0,1,0,0,0,0,0,0,0,0
0,0.3125,0.0,0,0,0,0,0,0,0,0,0,1,0,0,0,0,0,0,1,0,0,0
0,0.25,0.0,0,0,1,0,0,0,0,0,0,0,0,1,0,0,0,0,0,0,0,0
0,0.25,0.0,0,0,1,0,0,0,0,0,0,0,0,0,0,0,0,0,1,0,0,0
0,0.40625,0.0,0,0,1,0,0,0,0,0,0,0,0,0,0,0,0,0,1,0,0,0
0,0.28125,0.0,0,0,1,0,0,0,0,0,0,0,0,0,0,0,0,0,1,0,0,0
0,0.3125,0.0,0,0,1,0,0,0,0,0,0,0,0,0,0,0,0,0,1,0,0,0
0,0.46875,0.0,0,0,1,0,0,0,0,0,0,0,0,1,0,0,0,0,0,0,0,0
0,0.40625,0.0,0,0,0,0,0,0,0,0,0,0,1,0,0,0,0,0,1,0,0,0
0,0.125,0.0,0,0,1,0,0,0,0,0,0,0,0,1,0,0,0,0,0,0,0,0
0,0.1875,0.0,0,0,1,0,0,0,0,0,0,0,0,1,0,0,0,0,0,0,0,0
0,0.25,0.0,0,0,1,0,0,0,0,0,0,0,0,0,0,0,0,0,1,0,0,0
0,0.6875,0.0,0,0,1,0,0,0,0,0,0,0,0,0,0,0,0,0,1,0,0,0
0,0.34375,0.0,0,0,1,0,0,0,0,0,0,0,0,0,0,0,0,0,1,0,0,0
0,0.15625,0.1111111111111111,0,0,1,0,0,0,0,0,0,0,0,1,0,0,0,0,0,0,0,0
0,0.0625,0.1111111111111111,0,0,0,0,0,0,0,0,1,0,0,1,0,0,0,0,0,0,0,0
0,0.3125,0.0,0,0,1,0,0,0,0,0,0,0,0,1,0,0,0,0,0,0,0,0
0,0.5625,0.0,0,0,1,0,0,0,0,0,0,0,0,1,0,0,0,0,0,0,0,0
0,0.21875,0.0,0,0,0,0,0,0,0,0,1,0,0,1,0,0,0,0,0,0,0,0
0,0.375,0.0,0,0,1,0,0,0,0,0,0,0,0,1,0,0,0,0,0,0,0,0
0,0.4375,0.0,0,0,0,0,0,0,0,0,0,1,0,1,0,0,0,0,0,0,0,0
0,0.21875,0.0,0,0,1,0,0,0,0,0,0,0,0,0,0,0,0,0,1,0,0,0
0,0.34375,0.0,0,0,1,0,0,0,0,0,0,0,0,0,0,0,0,0,1,0,0,0
0,0.3125,0.0,0,0,1,0,0,0,0,0,0,0,0,0,0,0,0,0,1,0,0,0
0,0.25,0.0,0,0,1,0,0,0,0,0,0,0,0,0,0,0,0,0,1,0,0,0
0,0.15625,0.0,0,0,0,0,0,0,0,1,0,0,0,1,0,0,0,0,0,0,0,0
0,0.25,0.037037037037037035,0,0,1,0,0,0,0,0,0,0,0,0,0,0,0,0,1,0,0,0
0,0.375,0.0,0,0,1,0,0,0,0,0,0,0,0,0,0,0,0,0,1,0,0,0
0,0.25,0.0,0,0,1,0,0,0,0,0,0,0,0,1,0,0,0,0,0,0,0,0
0,0.5,0.0,0,0,1,0,0,0,0,0,0,0,0,0,0,0,0,0,1,0,0,0
0,0.21875,0.0,0,0,1,0,0,0,0,0,0,0,0,0,0,0,0,0,1,0,0,0
0,0.25,0.0,0,0,1,0,0,0,0,0,0,0,0,1,0,0,0,0,0,0,0,0
0,0.3125,0.0,0,0,1,0,0,0,0,0,0,0,0,1,0,0,0,0,0,0,0,0
0,0.25,0.0,0,0,1,0,0,0,0,0,0,0,0,1,0,0,0,0,0,0,0,0
0,0.375,0.0,0,0,1,0,0,0,0,0,0,0,0,0,0,0,0,0,1,0,0,0
0,0.28125,0.0,0,0,1,0,0,0,0,0,0,0,0,1,0,0,0,0,0,0,0,0
0,0.15625,0.1111111111111111,0,0,1,0,0,0,0,0,0,0,0,1,0,0,0,0,0,0,0,0
0,0.15625,0.0,0,0,0,0,0,0,0,0,0,1,0,1,0,0,0,0,0,0,0,0
0,0.46875,0.0,0,0,1,0,0,0,0,0,0,0,0,0,0,0,0,0,1,0,0,0
0,0.125,0.0,0,0,0,0,0,0,0,0,1,0,0,1,0,0,0,0,0,0,0,0
0,0.375,0.0,0,0,0,0,1,0,0,0,0,0,0,0,0,0,0,0,1,0,0,0
0,0.28125,0.037037037037037035,0,0,1,0,0,0,0,0,0,0,0,1,0,0,0,0,0,0,0,0
0,0.4375,0.0,0,0,1,0,0,0,0,0,0,0,0,1,0,0,0,0,0,0,0,0
0,0.5,0.0,0,0,1,0,0,0,0,0,0,0,0,0,0,0,0,0,1,0,0,0
0,0.3125,0.0,0,0,1,0,0,0,0,0,0,0,0,0,0,0,0,0,1,0,0,0
0,0.0,0.2222222222222222,0,0,1,0,0,0,0,0,0,0,0,1,0,0,0,0,0,0,0,0
0,0.34375,0.0,0,0,1,0,0,0,0,0,0,0,0,0,0,0,0,0,1,0,0,0
0,0.28125,0.0,0,0,1,0,0,0,0,0,0,0,0,1,0,0,0,0,0,0,0,0
0,0.28125,0.0,0,0,1,0,0,0,0,0,0,0,0,1,0,0,0,0,0,0,0,0
0,0.21875,0.0,0,0,1,0,0,0,0,0,0,0,0,1,0,0,0,0,0,0,0,0
0,0.4375,0.0,0,0,1,0,0,0,0,0,0,0,0,0,0,0,0,0,1,0,0,0
0,0.21875,0.0,0,0,0,0,0,0,0,0,1,0,0,1,0,0,0,0,0,0,0,0
0,0.28125,0.0,0,0,1,0,0,0,0,0,0,0,0,0,0,0,0,0,1,0,0,0
0,0.28125,0.0,0,0,1,0,0,0,0,0,0,0,0,0,0,0,0,0,1,0,0,0
0,0.53125,0.0,0,0,1,0,0,0,0,0,0,0,0,1,0,0,0,0,0,0,0,0
0,0.25,0.0,0,0,1,0,0,0,0,0,0,0,0,0,0,0,0,0,1,0,0,0
0,0.5625,0.0,0,0,1,0,0,0,0,0,0,0,0,0,0,0,0,0,1,0,0,0
0,0.3125,0.0,0,0,0,0,0,0,0,0,1,0,0,0,0,0,0,0,1,0,0,0
0,0.125,0.0,0,0,1,0,0,0,0,0,0,0,0,1,0,0,0,0,0,0,0,0
0,0.53125,0.0,0,0,1,0,0,0,0,0,0,0,0,0,0,0,0,0,1,0,0,0
0,0.34375,0.0,0,0,1,0,0,0,0,0,0,0,0,1,0,0,0,0,0,0,0,0
0,0.21875,0.0,0,0,1,0,0,0,0,0,0,0,0,0,0,0,0,0,1,0,0,0
0,0.53125,0.0,0,0,1,0,0,0,0,0,0,0,0,0,0,0,0,0,1,0,0,0
0,0.25,0.0,0,0,1,0,0,0,0,0,0,0,0,0,0,0,0,0,1,0,0,0
0,0.15625,0.0,0,0,1,0,0,0,0,0,0,0,0,1,0,0,0,0,0,0,0,0
0,0.25,0.0,0,0,1,0,0,0,0,0,0,0,0,0,0,0,0,0,1,0,0,0
0,0.34375,0.0,0,0,1,0,0,0,0,0,0,0,0,1,0,0,0,0,0,0,0,0
0,0.1875,0.0,0,0,1,0,0,0,0,0,0,0,0,1,0,0,0,0,0,0,0,0
0,0.1875,0.0,0,0,1,0,0,0,0,0,0,0,0,1,0,0,0,0,0,0,0,0
0,0.3125,0.0,0,0,1,0,0,0,0,0,0,0,0,1,0,0,0,0,0,0,0,0
0,0.0625,0.1111111111111111,0,0,1,0,0,0,0,0,0,0,0,1,0,0,0,0,0,0,0,0
0,0.3125,0.0,0,0,1,0,0,0,0,0,0,0,0,1,0,0,0,0,0,0,0,0
0,0.1875,0.0,0,0,0,0,0,0,0,1,0,0,0,1,0,0,0,0,0,0,0,0
0,0.125,0.1111111111111111,0,0,1,0,0,0,0,0,0,0,0,0,0,0,0,0,1,0,0,0
0,0.3125,0.0,0,0,0,0,0,0,0,0,1,0,0,1,0,0,0,0,0,0,0,0
0,0.5,0.0,0,0,1,0,0,0,0,0,0,0,0,0,0,0,0,0,1,0,0,0
0,0.4375,0.0,0,0,1,0,0,0,0,0,0,0,0,1,0,0,0,0,0,0,0,0
0,0.5,0.0,0,0,1,0,0,0,0,0,0,0,0,0,0,0,0,0,1,0,0,0
0,0.28125,0.0,0,0,0,0,0,0,0,0,0,0,1,1,0,0,0,0,0,0,0,0
0,0.4375,0.0,0,0,1,0,0,0,0,0,0,0,0,1,0,0,0,0,0,0,0,0
0,0.09375,0.0,0,0,0,0,0,0,0,0,0,1,0,1,0,0,0,0,0,0,0,0
0,0.3125,0.0,0,0,1,0,0,0,0,0,0,0,0,1,0,0,0,0,0,0,0,0
0,0.3125,0.0,0,0,1,0,0,0,0,0,0,0,0,1,0,0,0,0,0,0,0,0
0,0.28125,0.0,0,0,1,0,0,0,0,0,0,0,0,0,0,0,0,0,1,0,0,0
0,0.5,0.0,0,0,1,0,0,0,0,0,0,0,0,0,0,0,0,0,1,0,0,0
0,0.4375,0.0,0,0,1,0,0,0,0,0,0,0,0,1,0,0,0,0,0,0,0,0
0,0.5625,0.0,0,0,1,0,0,0,0,0,0,0,0,1,0,0,0,0,0,0,0,0
0,0.40625,0.0,0,0,1,0,0,0,0,0,0,0,0,0,0,0,0,0,1,0,0,0
0,0.28125,0.0,0,0,1,0,0,0,0,0,0,0,0,0,0,0,0,0,1,0,0,0
0,0.25,0.0,0,0,1,0,0,0,0,0,0,0,0,1,0,0,0,0,0,0,0,0
0,0.34375,0.0,0,0,0,0,0,0,0,0,0,0,1,0,0,0,0,0,1,0,0,0
0,0.59375,0.0,0,0,1,0,0,0,0,0,0,0,0,0,0,0,0,0,1,0,0,0
0,0.25,0.0,0,0,0,0,0,0,0,0,0,0,1,1,0,0,0,0,0,0,0,0
0,0.1875,0.0,0,0,1,0,0,0,0,0,0,0,0,1,0,0,0,0,0,0,0,0
0,0.46875,0.0,0,0,1,0,0,0,0,0,0,0,0,0,0,0,0,0,1,0,0,0
0,0.5,0.0,0,0,1,0,0,0,0,0,0,0,0,0,0,0,0,0,1,0,0,0
0,0.375,0.0,0,0,0,1,0,0,0,0,0,0,0,0,0,0,0,0,1,0,0,0
0,0.5625,0.0,0,0,1,0,0,0,0,0,0,0,0,0,0,0,0,0,1,0,0,0
0,0.375,0.0,0,0,1,0,0,0,0,0,0,0,0,1,0,0,0,0,0,0,0,0
0,0.28125,0.0,0,0,1,0,0,0,0,0,0,0,0,0,0,0,0,0,1,0,0,0
0,0.28125,0.0,0,0,1,0,0,0,0,0,0,0,0,1,0,0,0,0,0,0,0,0
0,0.28125,0.0,0,0,1,0,0,0,0,0,0,0,0,1,0,0,0,0,0,0,0,0
0,0.21875,0.0,0,0,1,0,0,0,0,0,0,0,0,0,0,0,0,0,1,0,0,0
0,0.40625,0.0,0,0,1,0,0,0,0,0,0,0,0,1,0,0,0,0,0,0,0,0
0,0.125,0.0,0,0,0,0,0,0,0,0,0,1,0,1,0,0,0,0,0,0,0,0
0,0.25,0.0,0,0,1,0,0,0,0,0,0,0,0,0,0,0,0,0,1,0,0,0
0,0.125,0.0,0,0,0,0,0,0,0,0,1,0,0,1,0,0,0,0,0,0,0,0
0,0.25,0.0,0,0,1,0,0,0,0,0,0,0,0,1,0,0,0,0,0,0,0,0
0,0.15625,0.037037037037037035,0,0,1,0,0,0,0,0,0,0,0,1,0,0,0,0,0,0,0,0
0,0.46875,0.0,0,0,1,0,0,0,0,0,0,0,0,0,0,0,0,0,1,0,0,0
0,0.1875,0.0,0,0,1,0,0,0,0,0,0,0,0,1,0,0,0,0,0,0,0,0
0,0.25,0.0,0,0,1,0,0,0,0,0,0,0,0,1,0,0,0,0,0,0,0,0
0,0.25,0.0,0,0,1,0,0,0,0,0,0,0,0,0,0,0,0,0,1,0,0,0
0,0.53125,0.0,0,0,1,0,0,0,0,0,0,0,0,0,0,0,0,0,1,0,0,0
0,0.375,0.0,0,0,1,0,0,0,0,0,0,0,0,0,0,0,0,0,1,0,0,0
0,0.59375,0.0,0,0,1,0,0,0,0,0,0,0,0,1,0,0,0,0,0,0,0,0
0,0.15625,0.0,0,0,0,1,0,0,0,0,0,0,0,1,0,0,0,0,0,0,0,0
0,0.3125,0.0,0,0,1,0,0,0,0,0,0,0,0,0,0,0,0,0,1,0,0,0
0,0.1875,0.0,0,0,0,0,0,0,0,0,0,1,0,1,0,0,0,0,0,0,0,0
0,0.3125,0.0,0,0,0,0,0,0,1,0,0,0,0,0,0,0,0,0,1,0,0,0
0,0.28125,0.0,0,0,1,0,0,0,0,0,0,0,0,0,0,0,0,0,1,0,0,0
0,0.28125,0.0,0,0,1,0,0,0,0,0,0,0,0,0,0,0,0,0,1,0,0,0
0,0.1875,0.0,0,0,1,0,0,0,0,0,0,0,0,1,0,0,0,0,0,0,0,0
0,0.625,0.0,0,0,0,0,0,0,0,0,1,0,0,1,0,0,0,0,0,0,0,0
0,0.5,0.0,0,0,1,0,0,0,0,0,0,0,0,1,0,0,0,0,0,0,0,0
0,0.34375,0.0,0,0,1,0,0,0,0,0,0,0,0,1,0,0,0,0,0,0,0,0
0,0.28125,0.0,0,0,1,0,0,0,0,0,0,0,0,1,0,0,0,0,0,0,0,0
0,0.3125,0.0,0,0,1,0,0,0,0,0,0,0,0,0,0,0,0,0,1,0,0,0
0,0.3125,0.0,0,0,1,0,0,0,0,0,0,0,0,0,0,0,0,0,1,0,0,0
0,0.25,0.0,0,0,1,0,0,0,0,0,0,0,0,0,0,0,0,0,1,0,0,0
0,0.375,0.0,0,0,1,0,0,0,0,0,0,0,0,1,0,0,0,0,0,0,0,0
0,0.25,0.0,0,0,1,0,0,0,0,0,0,0,0,0,0,0,0,0,1,0,0,0
0,0.21875,0.0,0,0,0,0,0,0,0,0,1,0,0,1,0,0,0,0,0,0,0,0
0,0.21875,0.0,0,0,1,0,0,0,0,0,0,0,0,0,0,0,0,0,1,0,0,0
0,0.46875,0.0,0,0,1,0,0,0,0,0,0,0,0,1,0,0,0,0,0,0,0,0
0,0.09375,0.037037037037037035,0,0,0,0,0,0,0,0,0,1,0,1,0,0,0,0,0,0,0,0
0,0.3125,0.0,0,0,1,0,0,0,0,0,0,0,0,0,0,0,0,0,1,0,0,0
0,0.15625,0.0,0,0,0,0,0,0,0,0,1,0,0,1,0,0,0,0,0,0,0,0
0,0.21875,0.0,0,0,0,0,0,0,1,0,0,0,0,1,0,0,0,0,0,0,0,0
0,0.3125,0.0,0,0,0,0,0,0,0,0,1,0,0,0,0,0,0,0,1,0,0,0
0,0.3125,0.0,0,0,1,0,0,0,0,0,0,0,0,1,0,0,0,0,0,0,0,0
0,0.28125,0.0,0,0,1,0,0,0,0,0,0,0,0,0,0,0,0,0,1,0,0,0
0,0.53125,0.0,0,0,1,0,0,0,0,0,0,0,0,0,0,0,0,0,1,0,0,0
0,0.25,0.0,0,0,1,0,0,0,0,0,0,0,0,0,0,0,0,0,1,0,0,0
0,0.375,0.0,0,0,1,0,0,0,0,0,0,0,0,1,0,0,0,0,0,0,0,0
0,0.625,0.0,0,0,1,0,0,0,0,0,0,0,0,0,0,0,0,0,1,0,0,0
0,0.28125,0.0,0,0,0,0,1,0,0,0,0,0,0,1,0,0,0,0,0,0,0,0
0,0.25,0.0,0,0,0,0,0,0,0,0,0,0,1,1,0,0,0,0,0,0,0,0
0,0.375,0.0,0,0,1,0,0,0,0,0,0,0,0,0,0,0,0,0,1,0,0,0
0,0.34375,0.0,0,0,1,0,0,0,0,0,0,0,0,0,0,0,0,0,1,0,0,0
0,0.21875,0.07407407407407407,0,0,1,0,0,0,0,0,0,0,0,1,0,0,0,0,0,0,0,0
0,0.3125,0.0,0,0,1,0,0,0,0,0,0,0,0,1,0,0,0,0,0,0,0,0
0,0.40625,0.0,0,0,1,0,0,0,0,0,0,0,0,0,0,0,0,0,1,0,0,0
0,0.34375,0.0,0,0,1,0,0,0,0,0,0,0,0,0,0,0,0,0,1,0,0,0
0,0.25,0.0,0,0,0,0,1,0,0,0,0,0,0,1,0,0,0,0,0,0,0,0
0,0.3125,0.0,0,0,1,0,0,0,0,0,0,0,0,0,0,0,0,0,1,0,0,0
0,0.0625,0.07407407407407407,0,0,1,0,0,0,0,0,0,0,0,1,0,0,0,0,0,0,0,0
0,0.21875,0.0,0,0,0,0,1,0,0,0,0,0,0,1,0,0,0,0,0,0,0,0
0,0.34375,0.0,0,0,1,0,0,0,0,0,0,0,0,0,0,0,0,0,1,0,0,0
0,0.40625,0.0,0,0,1,0,0,0,0,0,0,0,0,0,0,0,0,0,1,0,0,0
0,0.28125,0.0,0,0,1,0,0,0,0,0,0,0,0,0,0,0,0,0,1,0,0,0
0,0.21875,0.0,0,0,1,0,0,0,0,0,0,0,0,0,0,0,0,0,1,0,0,0
0,0.21875,0.0,0,0,1,0,0,0,0,0,0,0,0,1,0,0,0,0,0,0,0,0
0,0.28125,0.0,0,0,1,0,0,0,0,0,0,0,0,0,0,0,0,0,1,0,0,0
0,0.125,0.0,0,0,1,0,0,0,0,0,0,0,0,1,0,0,0,0,0,0,0,0
0,0.3125,0.0,0,0,1,0,0,0,0,0,0,0,0,1,0,0,0,0,0,0,0,0
0,0.3125,0.0,0,0,1,0,0,0,0,0,0,0,0,1,0,0,0,0,0,0,0,0
0,0.46875,0.0,0,0,1,0,0,0,0,0,0,0,0,0,0,0,0,0,1,0,0,0
0,0.21875,0.07407407407407407,0,0,1,0,0,0,0,0,0,0,0,0,0,0,0,0,1,0,0,0
0,0.3125,0.037037037037037035,0,0,1,0,0,0,0,0,0,0,0,1,0,0,0,0,0,0,0,0
0,0.09375,0.14814814814814814,0,0,1,0,0,0,0,0,0,0,0,0,0,0,0,0,1,0,0,0
0,0.21875,0.0,0,0,1,0,0,0,0,0,0,0,0,0,0,0,0,0,1,0,0,0
0,0.5,0.0,0,0,1,0,0,0,0,0,0,0,0,0,0,0,0,0,1,0,0,0
0,0.375,0.0,0,0,1,0,0,0,0,0,0,0,0,1,0,0,0,0,0,0,0,0
0,0.3125,0.037037037037037035,0,0,1,0,0,0,0,0,0,0,0,0,0,0,0,0,1,0,0,0
0,0.25,0.0,0,0,1,0,0,0,0,0,0,0,0,1,0,0,0,0,0,0,0,0
0,0.15625,0.0,0,0,1,0,0,0,0,0,0,0,0,1,0,0,0,0,0,0,0,0
0,0.25,0.0,0,0,0,1,0,0,0,0,0,0,0,0,0,0,0,0,1,0,0,0
0,0.34375,0.0,0,0,1,0,0,0,0,0,0,0,0,0,0,0,0,0,1,0,0,0
0,0.21875,0.0,0,0,0,0,0,0,0,0,1,0,0,0,0,0,0,0,1,0,0,0
0,0.21875,0.037037037037037035,0,0,1,0,0,0,0,0,0,0,0,1,0,0,0,0,0,0,0,0
0,0.375,0.0,0,0,1,0,0,0,0,0,0,0,0,0,0,0,0,0,1,0,0,0
0,0.375,0.0,0,0,1,0,0,0,0,0,0,0,0,0,0,0,0,0,1,0,0,0
0,0.25,0.0,0,0,1,0,0,0,0,0,0,0,0,0,0,0,0,0,1,0,0,0
0,0.21875,0.0,0,0,0,0,0,0,0,0,0,1,0,0,0,0,0,0,1,0,0,0
0,0.4375,0.0,0,0,0,0,0,1,0,0,0,0,0,0,0,0,0,0,1,0,0,0
0,0.375,0.0,0,0,1,0,0,0,0,0,0,0,0,1,0,0,0,0,0,0,0,0
0,0.4375,0.0,0,0,1,0,0,0,0,0,0,0,0,0,0,0,0,0,1,0,0,0
0,0.3125,0.0,0,0,1,0,0,0,0,0,0,0,0,1,0,0,0,0,0,0,0,0
0,0.21875,0.0,0,0,0,0,0,0,0,0,0,1,0,0,0,0,0,0,1,0,0,0
0,0.3125,0.0,0,0,1,0,0,0,0,0,0,0,0,0,0,0,0,0,1,0,0,0
0,0.25,0.0,0,0,1,0,0,0,0,0,0,0,0,0,0,0,0,0,1,0,0,0
0,0.3125,0.07407407407407407,0,0,1,0,0,0,0,0,0,0,0,1,0,0,0,0,0,0,0,0
0,0.40625,0.0,0,0,1,0,0,0,0,0,0,0,0,0,0,0,0,0,1,0,0,0
0,0.40625,0.0,0,0,0,0,0,0,0,0,1,0,0,1,0,0,0,0,0,0,0,0
0,0.53125,0.0,0,0,1,0,0,0,0,0,0,0,0,0,0,0,0,0,1,0,0,0
0,0.78125,0.0,0,0,1,0,0,0,0,0,0,0,0,0,0,0,0,0,1,0,0,0
0,0.25,0.037037037037037035,0,0,1,0,0,0,0,0,0,0,0,0,0,0,0,0,1,0,0,0
0,0.40625,0.0,0,0,1,0,0,0,0,0,0,0,0,1,0,0,0,0,0,0,0,0
0,0.46875,0.0,0,0,1,0,0,0,0,0,0,0,0,0,0,0,0,0,1,0,0,0
0,0.21875,0.0,0,0,0,0,0,0,0,0,0,1,0,0,0,0,0,0,1,0,0,0
0,0.125,0.0,0,0,0,0,0,0,0,0,0,0,1,1,0,0,0,0,0,0,0,0
0,0.25,0.0,0,0,1,0,0,0,0,0,0,0,0,0,0,0,0,0,1,0,0,0
0,0.375,0.0,0,0,1,0,0,0,0,0,0,0,0,0,0,0,0,0,1,0,0,0
0,0.21875,0.0,0,0,1,0,0,0,0,0,0,0,0,1,0,0,0,0,0,0,0,0
0,0.28125,0.0,0,0,0,0,0,0,0,0,0,1,0,1,0,0,0,0,0,0,0,0
0,0.3125,0.0,0,0,1,0,0,0,0,0,0,0,0,1,0,0,0,0,0,0,0,0
0,0.75,0.0,0,0,1,0,0,0,0,0,0,0,0,0,0,0,0,0,1,0,0,0
0,0.1875,0.0,0,0,1,0,0,0,0,0,0,0,0,1,0,0,0,0,0,0,0,0
0,0.28125,0.0,0,0,1,0,0,0,0,0,0,0,0,1,0,0,0,0,0,0,0,0
0,0.21875,0.0,0,0,0,0,0,0,0,0,1,0,0,0,0,0,0,0,1,0,0,0
0,0.375,0.0,0,0,1,0,0,0,0,0,0,0,0,1,0,0,0,0,0,0,0,0
0,0.15625,0.037037037037037035,0,0,1,0,0,0,0,0,0,0,0,1,0,0,0,0,0,0,0,0
0,0.21875,0.0,0,0,0,0,0,0,0,0,1,0,0,1,0,0,0,0,0,0,0,0
0,0.25,0.037037037037037035,0,0,1,0,0,0,0,0,0,0,0,0,0,0,0,0,1,0,0,0
0,0.34375,0.0,0,0,0,0,0,0,0,0,1,0,0,1,0,0,0,0,0,0,0,0
0,0.1875,0.0,0,0,0,0,0,0,0,1,0,0,0,1,0,0,0,0,0,0,0,0
0,0.6875,0.0,0,0,1,0,0,0,0,0,0,0,0,0,0,0,0,0,1,0,0,0
0,0.34375,0.0,0,0,1,0,0,0,0,0,0,0,0,0,0,0,0,0,1,0,0,0
0,0.375,0.0,0,0,1,0,0,0,0,0,0,0,0,0,0,0,0,0,1,0,0,0
0,0.5,0.0,0,0,1,0,0,0,0,0,0,0,0,0,0,0,0,0,1,0,0,0
0,0.375,0.0,0,0,1,0,0,0,0,0,0,0,0,0,0,0,0,0,1,0,0,0
0,0.34375,0.0,0,0,1,0,0,0,0,0,0,0,0,1,0,0,0,0,0,0,0,0
0,0.21875,0.0,0,0,1,0,0,0,0,0,0,0,0,0,0,0,0,0,1,0,0,0
0,0.28125,0.0,0,0,1,0,0,0,0,0,0,0,0,0,0,0,0,0,1,0,0,0
0,0.21875,0.0,0,0,1,0,0,0,0,0,0,0,0,1,0,0,0,0,0,0,0,0
0,0.46875,0.0,0,0,1,0,0,0,0,0,0,0,0,0,0,0,0,0,1,0,0,0
0,0.0625,0.07407407407407407,0,0,1,0,0,0,0,0,0,0,0,1,0,0,0,0,0,0,0,0
0,0.375,0.0,0,0,1,0,0,0,0,0,0,0,0,0,0,0,0,0,1,0,0,0
0,0.46875,0.037037037037037035,0,0,1,0,0,0,0,0,0,0,0,1,0,0,0,0,0,0,0,0
0,0.3125,0.0,0,0,1,0,0,0,0,0,0,0,0,1,0,0,0,0,0,0,0,0
0,0.28125,0.0,0,0,1,0,0,0,0,0,0,0,0,1,0,0,0,0,0,0,0,0
0,0.21875,0.0,0,0,1,0,0,0,0,0,0,0,0,0,0,0,0,0,1,0,0,0
0,0.5625,0.0,0,0,1,0,0,0,0,0,0,0,0,0,0,0,0,0,1,0,0,0
0,0.28125,0.0,0,0,1,0,0,0,0,0,0,0,0,0,0,0,0,0,1,0,0,0
0,0.375,0.0,0,0,1,0,0,0,0,0,0,0,0,0,0,0,0,0,1,0,0,0
0,0.25,0.0,0,0,1,0,0,0,0,0,0,0,0,0,0,0,0,0,1,0,0,0
0,0.28125,0.0,0,0,1,0,0,0,0,0,0,0,0,1,0,0,0,0,0,0,0,0
0,0.53125,0.0,0,0,0,0,0,0,0,0,1,0,0,1,0,0,0,0,0,0,0,0
0,0.375,0.037037037037037035,0,0,1,0,0,0,0,0,0,0,0,1,0,0,0,0,0,0,0,0
0,0.28125,0.0,0,0,1,0,0,0,0,0,0,0,0,0,0,0,0,0,1,0,0,0
0,0.15625,0.0,0,0,0,0,0,0,0,0,0,0,1,1,0,0,0,0,0,0,0,0
0,0.3125,0.0,0,0,1,0,0,0,0,0,0,0,0,0,0,0,0,0,1,0,0,0
0,0.1875,0.07407407407407407,0,0,1,0,0,0,0,0,0,0,0,1,0,0,0,0,0,0,0,0
0,0.375,0.0,0,0,1,0,0,0,0,0,0,0,0,0,0,0,0,0,1,0,0,0
0,0.125,0.0,0,0,0,0,0,0,0,1,0,0,0,1,0,0,0,0,0,0,0,0
0,0.09375,0.0,0,0,1,0,0,0,0,0,0,0,0,1,0,0,0,0,0,0,0,0
0,0.4375,0.0,0,0,1,0,0,0,0,0,0,0,0,1,0,0,0,0,0,0,0,0
0,0.1875,0.0,0,0,1,0,0,0,0,0,0,0,0,1,0,0,0,0,0,0,0,0
0,0.28125,0.0,0,0,1,0,0,0,0,0,0,0,0,0,0,0,0,0,1,0,0,0
0,0.0,0.07407407407407407,0,0,1,0,0,0,0,0,0,0,0,1,0,0,0,0,0,0,0,0
0,0.0,0.2962962962962963,0,0,1,0,0,0,0,0,0,0,0,0,0,0,0,0,1,0,0,0
0,0.25,0.0,0,0,1,0,0,0,0,0,0,0,0,0,0,0,0,0,1,0,0,0
0,0.21875,0.0,0,0,1,0,0,0,0,0,0,0,0,1,0,0,0,0,0,0,0,0
0,0.46875,0.0,0,0,1,0,0,0,0,0,0,0,0,0,0,0,0,0,1,0,0,0
0,0.3125,0.0,0,0,1,0,0,0,0,0,0,0,0,0,0,0,0,0,1,0,0,0
0,0.28125,0.0,0,0,1,0,0,0,0,0,0,0,0,1,0,0,0,0,0,0,0,0
0,0.53125,0.0,0,0,1,0,0,0,0,0,0,0,0,0,0,0,0,0,1,0,0,0
0,0.1875,0.037037037037037035,0,0,1,0,0,0,0,0,0,0,0,0,0,0,0,0,1,0,0,0
0,0.46875,0.037037037037037035,0,0,1,0,0,0,0,0,0,0,0,1,0,0,0,0,0,0,0,0
0,0.25,0.0,0,0,0,0,0,0,0,0,1,0,0,0,0,0,0,0,1,0,0,0
0,0.25,0.0,0,0,1,0,0,0,0,0,0,0,0,1,0,0,0,0,0,0,0,0
0,0.53125,0.0,0,0,0,0,1,0,0,0,0,0,0,1,0,0,0,0,0,0,0,0
0,0.53125,0.0,0,0,1,0,0,0,0,0,0,0,0,1,0,0,0,0,0,0,0,0
0,0.1875,0.0,0,0,1,0,0,0,0,0,0,0,0,1,0,0,0,0,0,0,0,0
0,0.21875,0.0,0,0,1,0,0,0,0,0,0,0,0,1,0,0,0,0,0,0,0,0
0,0.1875,0.0,0,0,1,0,0,0,0,0,0,0,0,1,0,0,0,0,0,0,0,0
0,0.5,0.0,0,0,1,0,0,0,0,0,0,0,0,0,0,0,0,0,1,0,0,0
0,0.34375,0.0,0,0,0,1,0,0,0,0,0,0,0,1,0,0,0,0,0,0,0,0
0,0.25,0.0,0,0,1,0,0,0,0,0,0,0,0,0,0,0,0,0,1,0,0,0
0,0.46875,0.0,0,0,0,0,0,0,0,0,1,0,0,1,0,0,0,0,0,0,0,0
0,0.21875,0.0,0,0,0,0,0,0,0,0,0,0,1,1,0,0,0,0,0,0,0,0
0,0.34375,0.0,0,0,1,0,0,0,0,0,0,0,0,1,0,0,0,0,0,0,0,0
0,0.3125,0.0,0,0,1,0,0,0,0,0,0,0,0,0,0,0,0,0,1,0,0,0
0,0.03125,0.1111111111111111,0,0,1,0,0,0,0,0,0,0,0,1,0,0,0,0,0,0,0,0
0,0.28125,0.0,0,0,1,0,0,0,0,0,0,0,0,1,0,0,0,0,0,0,0,0
0,0.375,0.0,0,0,0,0,1,0,0,0,0,0,0,0,0,0,0,0,1,0,0,0
0,0.28125,0.0,0,0,1,0,0,0,0,0,0,0,0,0,0,0,0,0,1,0,0,0
0,0.21875,0.0,0,0,0,0,0,0,0,0,0,0,1,1,0,0,0,0,0,0,0,0
0,0.25,0.0,0,0,0,0,0,1,0,0,0,0,0,0,0,0,0,0,1,0,0,0
0,0.21875,0.0,0,0,1,0,0,0,0,0,0,0,0,0,0,0,0,0,1,0,0,0
0,0.375,0.037037037037037035,0,0,1,0,0,0,0,0,0,0,0,0,0,0,0,0,1,0,0,0
0,0.25,0.0,0,0,0,0,1,0,0,0,0,0,0,0,0,0,0,0,1,0,0,0
0,0.125,0.0,0,0,1,0,0,0,0,0,0,0,0,1,0,0,0,0,0,0,0,0
0,0.34375,0.0,0,0,1,0,0,0,0,0,0,0,0,0,0,0,0,0,1,0,0,0
0,0.1875,0.0,0,0,1,0,0,0,0,0,0,0,0,1,0,0,0,0,0,0,0,0
0,0.28125,0.0,0,0,1,0,0,0,0,0,0,0,0,0,0,0,0,0,1,0,0,0
0,0.1875,0.0,0,0,1,0,0,0,0,0,0,0,0,1,0,0,0,0,0,0,0,0
0,0.25,0.07407407407407407,0,0,1,0,0,0,0,0,0,0,0,1,0,0,0,0,0,0,0,0
0,0.5,0.0,0,0,1,0,0,0,0,0,0,0,0,0,0,0,0,0,1,0,0,0
0,0.15625,0.0,0,0,1,0,0,0,0,0,0,0,0,1,0,0,0,0,0,0,0,0
0,0.40625,0.0,0,0,0,0,0,0,0,0,1,0,0,0,0,0,0,0,1,0,0,0
0,0.3125,0.0,0,0,1,0,0,0,0,0,0,0,0,1,0,0,0,0,0,0,0,0
0,0.40625,0.0,0,0,1,0,0,0,0,0,0,0,0,0,0,0,0,0,1,0,0,0
0,0.125,0.07407407407407407,0,0,1,0,0,0,0,0,0,0,0,1,0,0,0,0,0,0,0,0
0,0.28125,0.0,0,0,1,0,0,0,0,0,0,0,0,0,0,0,0,0,1,0,0,0
0,0.375,0.0,0,0,1,0,0,0,0,0,0,0,0,0,0,0,0,0,1,0,0,0
0,0.4375,0.0,0,0,0,1,0,0,0,0,0,0,0,0,0,0,0,0,1,0,0,0
0,0.53125,0.0,0,0,1,0,0,0,0,0,0,0,0,0,0,0,0,0,1,0,0,0
0,0.15625,0.0,0,0,0,0,0,0,0,1,0,0,0,1,0,0,0,0,0,0,0,0
0,0.40625,0.0,0,0,1,0,0,0,0,0,0,0,0,1,0,0,0,0,0,0,0,0
0,0.1875,0.0,0,0,1,0,0,0,0,0,0,0,0,1,0,0,0,0,0,0,0,0
0,0.4375,0.0,0,0,1,0,0,0,0,0,0,0,0,0,0,0,0,0,1,0,0,0
0,0.125,0.037037037037037035,0,0,1,0,0,0,0,0,0,0,0,1,0,0,0,0,0,0,0,0
0,0.15625,0.0,0,0,1,0,0,0,0,0,0,0,0,1,0,0,0,0,0,0,0,0
0,0.4375,0.037037037037037035,0,0,0,0,0,0,0,0,1,0,0,0,0,0,0,0,1,0,0,0
0,0.125,0.0,0,0,1,0,0,0,0,0,0,0,0,1,0,0,0,0,0,0,0,0
0,0.40625,0.0,0,0,1,0,0,0,0,0,0,0,0,0,0,0,0,0,1,0,0,0
0,0.34375,0.0,0,0,1,0,0,0,0,0,0,0,0,0,0,0,0,0,1,0,0,0
0,0.34375,0.0,0,0,1,0,0,0,0,0,0,0,0,0,0,0,0,0,1,0,0,0
0,0.25,0.0,0,0,1,0,0,0,0,0,0,0,0,0,0,0,0,0,1,0,0,0
0,0.1875,0.0,0,0,0,0,0,0,0,0,0,1,0,1,0,0,0,0,0,0,0,0
0,0.3125,0.0,0,0,1,0,0,0,0,0,0,0,0,1,0,0,0,0,0,0,0,0
0,0.1875,0.037037037037037035,0,0,1,0,0,0,0,0,0,0,0,0,0,0,0,0,1,0,0,0
0,0.28125,0.0,0,0,1,0,0,0,0,0,0,0,0,1,0,0,0,0,0,0,0,0
0,0.34375,0.0,0,0,1,0,0,0,0,0,0,0,0,0,0,0,0,0,1,0,0,0
0,0.21875,0.0,0,0,1,0,0,0,0,0,0,0,0,1,0,0,0,0,0,0,0,0
0,0.46875,0.0,0,0,0,1,0,0,0,0,0,0,0,1,0,0,0,0,0,0,0,0
0,0.625,0.0,0,0,1,0,0,0,0,0,0,0,0,1,0,0,0,0,0,0,0,0
0,0.40625,0.0,0,0,1,0,0,0,0,0,0,0,0,1,0,0,0,0,0,0,0,0
0,0.28125,0.0,0,0,1,0,0,0,0,0,0,0,0,0,0,0,0,0,1,0,0,0
0,0.125,0.0,0,0,0,0,1,0,0,0,0,0,0,1,0,0,0,0,0,0,0,0
0,0.4375,0.0,0,0,1,0,0,0,0,0,0,0,0,1,0,0,0,0,0,0,0,0
0,0.25,0.0,0,0,1,0,0,0,0,0,0,0,0,1,0,0,0,0,0,0,0,0
0,0.0,0.2222222222222222,0,0,1,0,0,0,0,0,0,0,0,1,0,0,0,0,0,0,0,0
0,0.3125,0.0,0,0,1,0,0,0,0,0,0,0,0,1,0,0,0,0,0,0,0,0
0,0.1875,0.1111111111111111,0,0,1,0,0,0,0,0,0,0,0,1,0,0,0,0,0,0,0,0
0,0.1875,0.0,0,0,0,0,0,0,0,0,0,1,0,1,0,0,0,0,0,0,0,0
0,0.4375,0.0,0,0,1,0,0,0,0,0,0,0,0,1,0,0,0,0,0,0,0,0
0,0.21875,0.0,0,0,0,0,0,0,0,0,0,0,1,1,0,0,0,0,0,0,0,0
0,0.28125,0.0,0,0,1,0,0,0,0,0,0,0,0,1,0,0,0,0,0,0,0,0
0,0.09375,0.0,0,0,1,0,0,0,0,0,0,0,0,1,0,0,0,0,0,0,0,0
0,0.21875,0.037037037037037035,0,0,1,0,0,0,0,0,0,0,0,0,0,0,0,0,1,0,0,0
0,0.21875,0.0,0,0,1,0,0,0,0,0,0,0,0,0,0,0,0,0,1,0,0,0
0,0.125,0.07407407407407407,0,0,1,0,0,0,0,0,0,0,0,1,0,0,0,0,0,0,0,0
0,0.375,0.07407407407407407,0,0,1,0,0,0,0,0,0,0,0,0,0,0,0,0,1,0,0,0
0,0.34375,0.0,0,0,1,0,0,0,0,0,0,0,0,1,0,0,0,0,0,0,0,0
0,0.34375,0.0,0,0,1,0,0,0,0,0,0,0,0,0,0,0,0,0,1,0,0,0
0,0.25,0.0,0,0,1,0,0,0,0,0,0,0,0,0,0,0,0,0,1,0,0,0
0,0.40625,0.0,0,0,1,0,0,0,0,0,0,0,0,0,0,0,0,0,1,0,0,0
0,0.5,0.0,0,0,1,0,0,0,0,0,0,0,0,0,0,0,0,0,1,0,0,0
0,0.15625,0.0,0,0,0,0,0,0,0,1,0,0,0,1,0,0,0,0,0,0,0,0
0,0.34375,0.0,0,0,0,0,0,0,0,0,1,0,0,1,0,0,0,0,0,0,0,0
0,0.21875,0.0,0,0,1,0,0,0,0,0,0,0,0,0,0,0,0,0,1,0,0,0
0,0.34375,0.0,0,0,1,0,0,0,0,0,0,0,0,1,0,0,0,0,0,0,0,0
0,0.34375,0.0,0,0,0,0,0,0,0,1,0,0,0,0,0,0,0,0,1,0,0,0
0,0.1875,0.0,0,0,1,0,0,0,0,0,0,0,0,1,0,0,0,0,0,0,0,0
0,0.4375,0.0,0,0,1,0,0,0,0,0,0,0,0,1,0,0,0,0,0,0,0,0
0,0.21875,0.0,0,0,1,0,0,0,0,0,0,0,0,1,0,0,0,0,0,0,0,0
0,0.375,0.0,0,0,0,0,0,0,0,0,1,0,0,1,0,0,0,0,0,0,0,0
0,0.40625,0.0,0,0,1,0,0,0,0,0,0,0,0,1,0,0,0,0,0,0,0,0
0,0.25,0.0,0,0,1,0,0,0,0,0,0,0,0,1,0,0,0,0,0,0,0,0
0,0.3125,0.0,0,0,1,0,0,0,0,0,0,0,0,1,0,0,0,0,0,0,0,0
0,0.34375,0.0,0,0,1,0,0,0,0,0,0,0,0,1,0,0,0,0,0,0,0,0
0,0.1875,0.0,0,0,1,0,0,0,0,0,0,0,0,1,0,0,0,0,0,0,0,0
0,0.375,0.0,0,0,1,0,0,0,0,0,0,0,0,1,0,0,0,0,0,0,0,0
0,0.25,0.0,0,0,1,0,0,0,0,0,0,0,0,0,0,0,0,0,1,0,0,0
0,0.375,0.0,0,0,0,0,0,0,1,0,0,0,0,0,0,0,0,0,1,0,0,0
0,0.4375,0.0,0,0,0,0,0,0,0,0,1,0,0,0,0,0,0,0,1,0,0,0
0,0.375,0.0,0,0,1,0,0,0,0,0,0,0,0,0,0,0,0,0,1,0,0,0
0,0.25,0.0,0,0,1,0,0,0,0,0,0,0,0,1,0,0,0,0,0,0,0,0
0,0.34375,0.0,0,0,1,0,0,0,0,0,0,0,0,1,0,0,0,0,0,0,0,0
0,0.59375,0.0,0,0,1,0,0,0,0,0,0,0,0,0,0,0,0,0,1,0,0,0
0,0.34375,0.0,0,0,1,0,0,0,0,0,0,0,0,0,0,0,0,0,1,0,0,0
0,0.46875,0.0,0,0,1,0,0,0,0,0,0,0,0,0,0,0,0,0,1,0,0,0
0,0.5625,0.0,0,0,1,0,0,0,0,0,0,0,0,0,0,0,0,0,1,0,0,0
0,0.125,0.0,0,0,1,0,0,0,0,0,0,0,0,1,0,0,0,0,0,0,0,0
0,0.21875,0.0,0,0,0,0,0,0,0,0,0,1,0,1,0,0,0,0,0,0,0,0
0,0.25,0.0,0,0,1,0,0,0,0,0,0,0,0,1,0,0,0,0,0,0,0,0
0,0.21875,0.0,0,0,1,0,0,0,0,0,0,0,0,0,0,0,0,0,1,0,0,0
0,0.28125,0.0,0,0,1,0,0,0,0,0,0,0,0,1,0,0,0,0,0,0,0,0
0,0.375,0.0,0,0,1,0,0,0,0,0,0,0,0,0,0,0,0,0,1,0,0,0
0,0.3125,0.0,0,0,1,0,0,0,0,0,0,0,0,1,0,0,0,0,0,0,0,0
0,0.0625,0.1111111111111111,0,0,1,0,0,0,0,0,0,0,0,1,0,0,0,0,0,0,0,0
0,0.15625,0.0,0,0,1,0,0,0,0,0,0,0,0,1,0,0,0,0,0,0,0,0
0,0.5,0.0,0,0,1,0,0,0,0,0,0,0,0,0,0,0,0,0,1,0,0,0
0,0.15625,0.0,0,0,0,0,0,0,0,0,1,0,0,1,0,0,0,0,0,0,0,0
0,0.3125,0.0,0,0,1,0,0,0,0,0,0,0,0,1,0,0,0,0,0,0,0,0
0,0.25,0.0,0,0,1,0,0,0,0,0,0,0,0,0,0,0,0,0,1,0,0,0
0,0.15625,0.037037037037037035,0,0,1,0,0,0,0,0,0,0,0,1,0,0,0,0,0,0,0,0
0,0.21875,0.0,0,0,0,0,0,0,0,0,1,0,0,0,0,0,0,0,1,0,0,0
0,0.4375,0.0,0,0,0,0,0,0,0,0,1,0,0,0,0,0,0,0,1,0,0,0
0,0.3125,0.0,0,0,1,0,0,0,0,0,0,0,0,0,0,0,0,0,1,0,0,0
0,0.28125,0.0,0,0,1,0,0,0,0,0,0,0,0,1,0,0,0,0,0,0,0,0
0,0.0,0.37037037037037035,0,0,1,0,0,0,0,0,0,0,0,0,0,0,0,0,1,0,0,0
0,0.1875,0.0,0,0,1,0,0,0,0,0,0,0,0,1,0,0,0,0,0,0,0,0
0,0.34375,0.0,0,0,1,0,0,0,0,0,0,0,0,1,0,0,0,0,0,0,0,0
0,0.34375,0.0,0,0,1,0,0,0,0,0,0,0,0,1,0,0,0,0,0,0,0,0
0,0.3125,0.0,0,0,0,0,0,0,0,0,0,1,0,0,0,0,0,0,1,0,0,0
0,0.21875,0.0,0,0,0,0,0,0,0,0,1,0,0,0,0,0,0,0,1,0,0,0
0,0.21875,0.0,0,0,0,0,0,0,0,0,0,0,1,0,0,0,0,0,1,0,0,0
0,0.21875,0.0,0,0,1,0,0,0,0,0,0,0,0,0,0,0,0,0,1,0,0,0
0,0.40625,0.0,0,0,1,0,0,0,0,0,0,0,0,1,0,0,0,0,0,0,0,0
0,0.3125,0.0,0,0,0,0,0,0,1,0,0,0,0,0,0,0,0,0,1,0,0,0
0,0.125,0.0,0,0,1,0,0,0,0,0,0,0,0,1,0,0,0,0,0,0,0,0
0,0.25,0.037037037037037035,0,0,1,0,0,0,0,0,0,0,0,1,0,0,0,0,0,0,0,0
0,0.4375,0.0,0,0,1,0,0,0,0,0,0,0,0,1,0,0,0,0,0,0,0,0
0,0.25,0.0,0,0,1,0,0,0,0,0,0,0,0,0,0,0,0,0,1,0,0,0
0,0.34375,0.0,0,0,1,0,0,0,0,0,0,0,0,0,0,0,0,0,1,0,0,0
0,0.53125,0.0,0,0,1,0,0,0,0,0,0,0,0,0,0,0,0,0,1,0,0,0
0,0.46875,0.0,0,0,1,0,0,0,0,0,0,0,0,1,0,0,0,0,0,0,0,0
0,0.4375,0.0,0,0,1,0,0,0,0,0,0,0,0,0,0,0,0,0,1,0,0,0
0,0.21875,0.0,0,0,1,0,0,0,0,0,0,0,0,0,0,0,0,0,1,0,0,0
0,0.375,0.0,0,0,1,0,0,0,0,0,0,0,0,1,0,0,0,0,0,0,0,0
0,0.09375,0.1111111111111111,0,0,1,0,0,0,0,0,0,0,0,1,0,0,0,0,0,0,0,0
0,0.3125,0.0,0,0,0,0,0,0,0,0,0,0,1,0,0,0,0,0,1,0,0,0
0,0.46875,0.0,0,0,1,0,0,0,0,0,0,0,0,0,0,0,0,0,1,0,0,0
0,0.34375,0.0,0,0,1,0,0,0,0,0,0,0,0,0,0,0,0,0,1,0,0,0
0,0.25,0.0,0,0,1,0,0,0,0,0,0,0,0,1,0,0,0,0,0,0,0,0
0,0.46875,0.0,0,0,0,0,0,0,0,0,1,0,0,1,0,0,0,0,0,0,0,0
0,0.3125,0.0,0,0,1,0,0,0,0,0,0,0,0,0,0,0,0,0,1,0,0,0
0,0.5,0.0,0,0,1,0,0,0,0,0,0,0,0,0,0,0,0,0,1,0,0,0
0,0.4375,0.0,0,0,1,0,0,0,0,0,0,0,0,1,0,0,0,0,0,0,0,0
0,0.25,0.0,0,0,1,0,0,0,0,0,0,0,0,1,0,0,0,0,0,0,0,0
0,0.28125,0.0,0,0,1,0,0,0,0,0,0,0,0,0,0,0,0,0,1,0,0,0
0,0.5,0.0,0,0,1,0,0,0,0,0,0,0,0,0,0,0,0,0,1,0,0,0
0,0.28125,0.0,0,0,0,0,0,0,0,0,1,0,0,0,0,0,0,0,1,0,0,0
0,0.15625,0.0,0,0,1,0,0,0,0,0,0,0,0,1,0,0,0,0,0,0,0,0
0,0.40625,0.0,0,0,1,0,0,0,0,0,0,0,0,1,0,0,0,0,0,0,0,0
0,0.3125,0.0,0,0,0,0,0,0,0,0,1,0,0,0,0,0,0,0,1,0,0,0
0,0.3125,0.0,0,0,1,0,0,0,0,0,0,0,0,0,0,0,0,0,1,0,0,0
0,0.46875,0.0,0,0,1,0,0,0,0,0,0,0,0,0,0,0,0,0,1,0,0,0
0,0.34375,0.0,0,0,1,0,0,0,0,0,0,0,0,0,0,0,0,0,1,0,0,0
0,0.4375,0.0,0,0,1,0,0,0,0,0,0,0,0,1,0,0,0,0,0,0,0,0
0,0.21875,0.0,0,0,1,0,0,0,0,0,0,0,0,0,0,0,0,0,1,0,0,0
0,0.28125,0.0,0,0,1,0,0,0,0,0,0,0,0,1,0,0,0,0,0,0,0,0
0,0.34375,0.0,0,0,1,0,0,0,0,0,0,0,0,0,0,0,0,0,1,0,0,0
0,0.28125,0.0,0,0,1,0,0,0,0,0,0,0,0,0,0,0,0,0,1,0,0,0
0,0.34375,0.0,0,0,1,0,0,0,0,0,0,0,0,1,0,0,0,0,0,0,0,0
0,0.28125,0.0,0,0,0,0,0,0,0,0,0,1,0,1,0,0,0,0,0,0,0,0
0,0.34375,0.0,0,0,0,0,0,0,0,0,1,0,0,0,0,0,0,0,1,0,0,0
0,0.40625,0.037037037037037035,0,0,1,0,0,0,0,0,0,0,0,1,0,0,0,0,0,0,0,0
0,0.0,0.14814814814814814,0,0,1,0,0,0,0,0,0,0,0,1,0,0,0,0,0,0,0,0
0,0.3125,0.0,0,0,1,0,0,0,0,0,0,0,0,0,0,0,0,0,1,0,0,0
0,0.53125,0.0,0,0,1,0,0,0,0,0,0,0,0,1,0,0,0,0,0,0,0,0
0,0.3125,0.0,0,0,1,0,0,0,0,0,0,0,0,0,0,0,0,0,1,0,0,0
0,0.25,0.0,0,0,1,0,0,0,0,0,0,0,0,1,0,0,0,0,0,0,0,0
0,0.34375,0.0,0,0,1,0,0,0,0,0,0,0,0,0,0,0,0,0,1,0,0,0
0,0.125,0.0,0,0,1,0,0,0,0,0,0,0,0,1,0,0,0,0,0,0,0,0
0,0.53125,0.0,0,0,1,0,0,0,0,0,0,0,0,0,0,0,0,0,1,0,0,0
0,0.375,0.0,0,0,1,0,0,0,0,0,0,0,0,1,0,0,0,0,0,0,0,0
0,0.25,0.0,0,0,0,0,0,0,0,0,1,0,0,0,0,0,0,0,1,0,0,0
0,0.15625,0.0,0,0,1,0,0,0,0,0,0,0,0,1,0,0,0,0,0,0,0,0
0,0.34375,0.0,0,0,0,0,0,0,0,0,0,0,1,1,0,0,0,0,0,0,0,0
0,0.25,0.0,0,0,1,0,0,0,0,0,0,0,0,1,0,0,0,0,0,0,0,0
0,0.53125,0.0,0,0,1,0,0,0,0,0,0,0,0,0,0,0,0,0,1,0,0,0
0,0.3125,0.0,0,0,1,0,0,0,0,0,0,0,0,0,0,0,0,0,1,0,0,0
0,0.3125,0.0,0,0,1,0,0,0,0,0,0,0,0,1,0,0,0,0,0,0,0,0
0,0.46875,0.0,0,0,1,0,0,0,0,0,0,0,0,0,0,0,0,0,1,0,0,0
0,0.5,0.0,0,0,1,0,0,0,0,0,0,0,0,0,0,0,0,0,1,0,0,0
0,0.21875,0.0,0,0,0,0,0,0,0,0,0,1,0,0,0,0,0,0,1,0,0,0
0,0.1875,0.0,0,0,1,0,0,0,0,0,0,0,0,1,0,0,0,0,0,0,0,0
0,0.25,0.0,0,0,1,0,0,0,0,0,0,0,0,0,0,0,0,0,1,0,0,0
0,0.625,0.0,0,1,0,0,0,0,0,0,0,0,0,0,0,0,0,0,1,0,0,0
0,0.1875,0.0,0,0,1,0,0,0,0,0,0,0,0,1,0,0,0,0,0,0,0,0
0,0.3125,0.0,0,0,1,0,0,0,0,0,0,0,0,1,0,0,0,0,0,0,0,0
0,0.3125,0.0,0,0,1,0,0,0,0,0,0,0,0,0,0,0,0,0,1,0,0,0
0,0.4375,0.0,0,0,1,0,0,0,0,0,0,0,0,0,0,0,0,0,1,0,0,0
0,0.375,0.0,0,0,1,0,0,0,0,0,0,0,0,0,0,0,0,0,1,0,0,0
0,0.21875,0.0,0,0,0,0,0,0,0,0,0,1,0,1,0,0,0,0,0,0,0,0
0,0.46875,0.0,0,0,1,0,0,0,0,0,0,0,0,0,0,0,0,0,1,0,0,0
0,0.34375,0.0,0,0,1,0,0,0,0,0,0,0,0,1,0,0,0,0,0,0,0,0
0,0.25,0.0,0,0,1,0,0,0,0,0,0,0,0,0,0,0,0,0,1,0,0,0
0,0.25,0.0,0,0,1,0,0,0,0,0,0,0,0,1,0,0,0,0,0,0,0,0
0,0.34375,0.0,0,0,1,0,0,0,0,0,0,0,0,1,0,0,0,0,0,0,0,0
0,0.3125,0.0,0,0,1,0,0,0,0,0,0,0,0,0,0,0,0,0,1,0,0,0
0,0.5,0.0,0,0,1,0,0,0,0,0,0,0,0,0,0,0,0,0,1,0,0,0
0,0.4375,0.0,0,0,1,0,0,0,0,0,0,0,0,1,0,0,0,0,0,0,0,0
0,0.28125,0.0,0,0,1,0,0,0,0,0,0,0,0,0,0,0,0,0,1,0,0,0
0,0.4375,0.0,0,0,1,0,0,0,0,0,0,0,0,0,0,0,0,0,1,0,0,0
0,0.21875,0.0,0,0,0,0,1,0,0,0,0,0,0,1,0,0,0,0,0,0,0,0
0,0.375,0.0,0,0,1,0,0,0,0,0,0,0,0,0,0,0,0,0,1,0,0,0
0,0.34375,0.0,0,1,0,0,0,0,0,0,0,0,0,0,0,0,0,0,1,0,0,0
0,0.03125,0.1111111111111111,0,0,1,0,0,0,0,0,0,0,0,1,0,0,0,0,0,0,0,0
0,0.0,0.07407407407407407,0,0,0,0,0,0,0,0,0,0,1,1,0,0,0,0,0,0,0,0
0,0.4375,0.0,0,0,0,0,1,0,0,0,0,0,0,0,0,0,0,0,1,0,0,0
0,0.21875,0.0,0,0,0,0,1,0,0,0,0,0,0,1,0,0,0,0,0,0,0,0
0,0.25,0.0,0,0,1,0,0,0,0,0,0,0,0,1,0,0,0,0,0,0,0,0
0,0.28125,0.0,0,0,1,0,0,0,0,0,0,0,0,1,0,0,0,0,0,0,0,0
0,0.25,0.0,0,0,1,0,0,0,0,0,0,0,0,1,0,0,0,0,0,0,0,0
0,0.25,0.0,0,0,0,0,0,1,0,0,0,0,0,0,0,0,0,0,1,0,0,0
0,0.46875,0.0,0,0,1,0,0,0,0,0,0,0,0,0,0,0,0,0,1,0,0,0
0,0.21875,0.0,0,0,0,0,0,0,0,1,0,0,0,1,0,0,0,0,0,0,0,0
0,0.25,0.0,0,0,1,0,0,0,0,0,0,0,0,1,0,0,0,0,0,0,0,0
0,0.28125,0.0,0,0,1,0,0,0,0,0,0,0,0,1,0,0,0,0,0,0,0,0
0,0.40625,0.0,0,0,1,0,0,0,0,0,0,0,0,1,0,0,0,0,0,0,0,0
0,0.21875,0.0,0,0,1,0,0,0,0,0,0,0,0,1,0,0,0,0,0,0,0,0
0,0.40625,0.0,0,0,1,0,0,0,0,0,0,0,0,0,0,0,0,0,1,0,0,0
0,0.15625,0.0,0,0,1,0,0,0,0,0,0,0,0,1,0,0,0,0,0,0,0,0
0,0.28125,0.0,0,0,1,0,0,0,0,0,0,0,0,1,0,0,0,0,0,0,0,0
0,0.21875,0.0,0,0,1,0,0,0,0,0,0,0,0,0,0,0,0,0,1,0,0,0
0,0.40625,0.037037037037037035,0,0,1,0,0,0,0,0,0,0,0,0,0,0,0,0,1,0,0,0
0,0.21875,0.0,0,0,0,0,0,0,0,0,1,0,0,1,0,0,0,0,0,0,0,0
0,0.5,0.0,0,0,1,0,0,0,0,0,0,0,0,0,0,0,0,0,1,0,0,0
0,0.46875,0.0,0,0,1,0,0,0,0,0,0,0,0,1,0,0,0,0,0,0,0,0
0,0.0625,0.07407407407407407,0,0,1,0,0,0,0,0,0,0,0,1,0,0,0,0,0,0,0,0
0,0.34375,0.0,0,0,1,0,0,0,0,0,0,0,0,1,0,0,0,0,0,0,0,0
0,0.28125,0.0,0,0,0,0,0,0,0,0,0,1,0,0,0,0,0,0,1,0,0,0
0,0.28125,0.0,0,0,1,0,0,0,0,0,0,0,0,0,0,0,0,0,1,0,0,0
0,0.28125,0.0,0,0,1,0,0,0,0,0,0,0,0,0,0,0,0,0,1,0,0,0
0,0.28125,0.0,0,0,0,0,0,0,0,0,0,1,0,0,0,0,0,0,1,0,0,0
0,0.28125,0.0,0,0,0,0,0,1,0,0,0,0,0,1,0,0,0,0,0,0,0,0
0,0.28125,0.0,0,0,1,0,0,0,0,0,0,0,0,0,0,0,0,0,1,0,0,0
0,0.28125,0.0,0,0,1,0,0,0,0,0,0,0,0,0,0,0,0,0,1,0,0,0
0,0.78125,0.0,0,0,1,0,0,0,0,0,0,0,0,1,0,0,0,0,0,0,0,0
0,0.34375,0.0,0,0,1,0,0,0,0,0,0,0,0,1,0,0,0,0,0,0,0,0
0,0.53125,0.0,0,0,1,0,0,0,0,0,0,0,0,0,0,0,0,0,1,0,0,0
0,0.28125,0.0,0,0,1,0,0,0,0,0,0,0,0,0,0,0,0,0,1,0,0,0
0,0.28125,0.0,0,0,0,0,0,1,0,0,0,0,0,0,0,0,0,0,1,0,0,0
0,0.21875,0.0,0,0,1,0,0,0,0,0,0,0,0,1,0,0,0,0,0,0,0,0
0,0.21875,0.0,0,0,1,0,0,0,0,0,0,0,0,1,0,0,0,0,0,0,0,0
0,0.09375,0.0,0,0,0,0,0,0,0,0,0,0,1,1,0,0,0,0,0,0,0,0
0,0.46875,0.0,0,0,1,0,0,0,0,0,0,0,0,0,0,0,0,0,1,0,0,0
0,0.25,0.0,0,0,0,0,0,0,0,0,1,0,0,1,0,0,0,0,0,0,0,0
0,0.21875,0.0,0,0,1,0,0,0,0,0,0,0,0,0,0,0,0,0,1,0,0,0
0,0.1875,0.0,0,0,1,0,0,0,0,0,0,0,0,1,0,0,0,0,0,0,0,0
0,0.375,0.0,0,0,1,0,0,0,0,0,0,0,0,0,0,0,0,0,1,0,0,0
0,0.34375,0.0,0,0,1,0,0,0,0,0,0,0,0,1,0,0,0,0,0,0,0,0
0,0.28125,0.0,0,0,1,0,0,0,0,0,0,0,0,0,0,0,0,0,1,0,0,0
0,0.25,0.037037037037037035,0,0,1,0,0,0,0,0,0,0,0,0,0,0,0,0,1,0,0,0
0,0.3125,0.0,0,0,1,0,0,0,0,0,0,0,0,0,0,0,0,0,1,0,0,0
0,0.40625,0.0,0,0,1,0,0,0,0,0,0,0,0,0,0,0,0,0,1,0,0,0
0,0.21875,0.0,0,0,1,0,0,0,0,0,0,0,0,1,0,0,0,0,0,0,0,0
0,0.1875,0.0,0,0,0,0,0,0,0,0,1,0,0,1,0,0,0,0,0,0,0,0
0,0.1875,0.0,0,0,1,0,0,0,0,0,0,0,0,1,0,0,0,0,0,0,0,0
0,0.34375,0.0,0,0,1,0,0,0,0,0,0,0,0,1,0,0,0,0,0,0,0,0
0,0.375,0.0,0,0,1,0,0,0,0,0,0,0,0,0,0,0,0,0,1,0,0,0
0,0.3125,0.0,0,0,0,0,0,0,0,0,1,0,0,1,0,0,0,0,0,0,0,0
0,0.53125,0.0,0,0,1,0,0,0,0,0,0,0,0,0,0,0,0,0,1,0,0,0
0,0.25,0.0,0,0,1,0,0,0,0,0,0,0,0,0,0,0,0,0,1,0,0,0
0,0.375,0.0,0,0,1,0,0,0,0,0,0,0,0,1,0,0,0,0,0,0,0,0
0,0.375,0.0,0,0,1,0,0,0,0,0,0,0,0,0,0,0,0,0,1,0,0,0
0,0.3125,0.0,0,0,1,0,0,0,0,0,0,0,0,0,0,0,0,0,1,0,0,0
0,0.125,0.14814814814814814,0,0,1,0,0,0,0,0,0,0,0,0,0,0,0,0,1,0,0,0
0,0.46875,0.0,0,0,0,0,1,0,0,0,0,0,0,0,0,0,0,0,1,0,0,0
0,0.15625,0.07407407407407407,0,0,0,0,0,0,0,0,1,0,0,0,0,0,0,0,1,0,0,0
0,0.34375,0.0,0,0,1,0,0,0,0,0,0,0,0,1,0,0,0,0,0,0,0,0
0,0.40625,0.0,0,0,1,0,0,0,0,0,0,0,0,0,0,0,0,0,1,0,0,0
0,0.3125,0.0,0,0,1,0,0,0,0,0,0,0,0,1,0,0,0,0,0,0,0,0
0,0.21875,0.0,0,0,1,0,0,0,0,0,0,0,0,0,0,0,0,0,1,0,0,0
0,0.15625,0.037037037037037035,0,0,1,0,0,0,0,0,0,0,0,1,0,0,0,0,0,0,0,0
0,0.3125,0.0,0,0,0,0,0,0,0,0,0,1,0,0,0,0,0,0,1,0,0,0
0,0.3125,0.0,0,0,1,0,0,0,0,0,0,0,0,1,0,0,0,0,0,0,0,0
0,0.46875,0.0,0,0,1,0,0,0,0,0,0,0,0,0,0,0,0,0,1,0,0,0
0,0.21875,0.0,0,0,1,0,0,0,0,0,0,0,0,1,0,0,0,0,0,0,0,0
0,0.21875,0.0,0,0,1,0,0,0,0,0,0,0,0,0,0,0,0,0,1,0,0,0
0,0.40625,0.0,0,0,1,0,0,0,0,0,0,0,0,0,0,0,0,0,1,0,0,0
0,0.65625,0.0,0,0,1,0,0,0,0,0,0,0,0,1,0,0,0,0,0,0,0,0
0,0.3125,0.0,0,0,1,0,0,0,0,0,0,0,0,1,0,0,0,0,0,0,0,0
0,0.28125,0.0,0,0,1,0,0,0,0,0,0,0,0,1,0,0,0,0,0,0,0,0
0,0.5,0.0,0,0,1,0,0,0,0,0,0,0,0,0,0,0,0,0,1,0,0,0
0,0.5,0.0,0,0,1,0,0,0,0,0,0,0,0,0,0,0,0,0,1,0,0,0
0,0.65625,0.0,0,0,1,0,0,0,0,0,0,0,0,0,0,0,0,0,1,0,0,0
0,0.34375,0.0,0,0,0,0,0,0,0,0,0,0,1,0,0,0,0,0,1,0,0,0
0,0.40625,0.0,0,0,1,0,0,0,0,0,0,0,0,0,0,0,0,0,1,0,0,0
0,0.5,0.0,0,0,1,0,0,0,0,0,0,0,0,1,0,0,0,0,0,0,0,0
0,0.625,0.0,0,0,1,0,0,0,0,0,0,0,0,0,0,0,0,0,1,0,0,0
0,0.21875,0.0,0,0,1,0,0,0,0,0,0,0,0,1,0,0,0,0,0,0,0,0
0,0.1875,0.07407407407407407,0,0,1,0,0,0,0,0,0,0,0,1,0,0,0,0,0,0,0,0
0,0.3125,0.0,0,0,1,0,0,0,0,0,0,0,0,1,0,0,0,0,0,0,0,0
0,0.34375,0.0,0,0,0,1,0,0,0,0,0,0,0,1,0,0,0,0,0,0,0,0
0,0.4375,0.0,0,0,1,0,0,0,0,0,0,0,0,1,0,0,0,0,0,0,0,0
0,0.15625,0.0,0,0,0,0,0,0,1,0,0,0,0,1,0,0,0,0,0,0,0,0
0,0.25,0.0,0,0,1,0,0,0,0,0,0,0,0,1,0,0,0,0,0,0,0,0
0,0.59375,0.0,0,0,0,1,0,0,0,0,0,0,0,0,0,0,0,0,1,0,0,0
0,0.375,0.0,0,0,1,0,0,0,0,0,0,0,0,1,0,0,0,0,0,0,0,0
0,0.25,0.0,0,0,1,0,0,0,0,0,0,0,0,1,0,0,0,0,0,0,0,0
0,0.28125,0.0,0,0,1,0,0,0,0,0,0,0,0,0,0,0,0,0,1,0,0,0
0,0.34375,0.0,0,0,1,0,0,0,0,0,0,0,0,0,0,0,0,0,1,0,0,0
0,0.40625,0.0,0,0,0,0,0,0,0,0,1,0,0,0,0,0,0,0,1,0,0,0
0,0.28125,0.0,0,0,1,0,0,0,0,0,0,0,0,0,0,0,0,0,1,0,0,0
0,0.34375,0.0,0,0,0,1,0,0,0,0,0,0,0,0,0,0,0,0,1,0,0,0
0,0.375,0.0,0,0,1,0,0,0,0,0,0,0,0,1,0,0,0,0,0,0,0,0
0,0.40625,0.0,0,0,1,0,0,0,0,0,0,0,0,0,0,0,0,0,1,0,0,0
0,0.28125,0.0,0,0,1,0,0,0,0,0,0,0,0,0,0,0,0,0,1,0,0,0
0,0.0625,0.0,0,0,1,0,0,0,0,0,0,0,0,1,0,0,0,0,0,0,0,0
0,0.3125,0.0,0,0,1,0,0,0,0,0,0,0,0,0,0,0,0,0,1,0,0,0
0,0.15625,0.0,0,0,1,0,0,0,0,0,0,0,0,1,0,0,0,0,0,0,0,0
0,0.125,0.1111111111111111,0,0,0,0,0,0,0,0,1,0,0,0,0,0,0,0,1,0,0,0
0,0.40625,0.0,0,0,1,0,0,0,0,0,0,0,0,1,0,0,0,0,0,0,0,0
0,0.3125,0.0,0,0,1,0,0,0,0,0,0,0,0,0,0,0,0,0,1,0,0,0
0,0.3125,0.0,0,0,1,0,0,0,0,0,0,0,0,1,0,0,0,0,0,0,0,0
0,0.21875,0.0,0,0,1,0,0,0,0,0,0,0,0,0,0,0,0,0,1,0,0,0
0,0.625,0.0,0,0,1,0,0,0,0,0,0,0,0,0,0,0,0,0,1,0,0,0
0,0.125,0.1111111111111111,0,0,1,0,0,0,0,0,0,0,0,1,0,0,0,0,0,0,0,0
0,0.21875,0.0,0,0,1,0,0,0,0,0,0,0,0,0,0,0,0,0,1,0,0,0
0,0.21875,0.0,0,0,1,0,0,0,0,0,0,0,0,1,0,0,0,0,0,0,0,0
0,0.125,0.1111111111111111,0,0,1,0,0,0,0,0,0,0,0,1,0,0,0,0,0,0,0,0
0,0.1875,0.0,0,0,1,0,0,0,0,0,0,0,0,1,0,0,0,0,0,0,0,0
0,0.3125,0.0,0,0,1,0,0,0,0,0,0,0,0,0,0,0,0,0,1,0,0,0
0,0.1875,0.0,0,0,1,0,0,0,0,0,0,0,0,1,0,0,0,0,0,0,0,0
0,0.34375,0.0,0,0,1,0,0,0,0,0,0,0,0,0,0,0,0,0,1,0,0,0
0,0.3125,0.0,0,0,0,0,0,0,0,0,1,0,0,0,0,0,0,0,1,0,0,0
0,0.21875,0.0,0,0,1,0,0,0,0,0,0,0,0,0,0,0,0,0,1,0,0,0
0,0.25,0.0,0,0,1,0,0,0,0,0,0,0,0,1,0,0,0,0,0,0,0,0
0,0.21875,0.0,0,0,1,0,0,0,0,0,0,0,0,0,0,0,0,0,1,0,0,0
0,0.3125,0.0,0,0,1,0,0,0,0,0,0,0,0,1,0,0,0,0,0,0,0,0
0,0.40625,0.0,0,0,0,0,0,0,0,0,1,0,0,0,0,0,0,0,1,0,0,0
0,0.25,0.0,0,0,1,0,0,0,0,0,0,0,0,1,0,0,0,0,0,0,0,0
0,0.34375,0.0,0,0,1,0,0,0,0,0,0,0,0,1,0,0,0,0,0,0,0,0
0,0.40625,0.0,0,0,0,0,0,0,0,0,0,1,0,0,0,0,0,0,1,0,0,0
0,0.3125,0.0,0,0,0,0,0,0,0,0,1,0,0,1,0,0,0,0,0,0,0,0
0,0.25,0.0,0,0,1,0,0,0,0,0,0,0,0,0,0,0,0,0,1,0,0,0
0,0.25,0.1111111111111111,0,0,1,0,0,0,0,0,0,0,0,0,0,0,0,0,1,0,0,0
0,0.3125,0.0,0,0,1,0,0,0,0,0,0,0,0,1,0,0,0,0,0,0,0,0
0,0.25,0.0,0,0,1,0,0,0,0,0,0,0,0,0,0,0,0,0,1,0,0,0
0,0.0625,0.07407407407407407,0,0,1,0,0,0,0,0,0,0,0,1,0,0,0,0,0,0,0,0
0,0.46875,0.0,0,0,1,0,0,0,0,0,0,0,0,0,0,0,0,0,1,0,0,0
0,0.28125,0.0,0,0,1,0,0,0,0,0,0,0,0,1,0,0,0,0,0,0,0,0
0,0.34375,0.0,0,0,1,0,0,0,0,0,0,0,0,0,0,0,0,0,1,0,0,0
0,0.1875,0.0,0,0,1,0,0,0,0,0,0,0,0,1,0,0,0,0,0,0,0,0
0,0.15625,0.0,0,0,1,0,0,0,0,0,0,0,0,1,0,0,0,0,0,0,0,0
0,0.21875,0.0,0,0,1,0,0,0,0,0,0,0,0,0,0,0,0,0,1,0,0,0
0,0.5,0.0,0,0,1,0,0,0,0,0,0,0,0,0,0,0,0,0,1,0,0,0
0,0.21875,0.037037037037037035,0,0,0,0,0,0,0,0,0,0,1,1,0,0,0,0,0,0,0,0
0,0.25,0.0,0,0,1,0,0,0,0,0,0,0,0,0,0,0,0,0,1,0,0,0
0,0.28125,0.0,0,0,1,0,0,0,0,0,0,0,0,0,0,0,0,0,1,0,0,0
0,0.0,0.2222222222222222,0,0,1,0,0,0,0,0,0,0,0,1,0,0,0,0,0,0,0,0
0,0.28125,0.0,0,0,1,0,0,0,0,0,0,0,0,0,0,0,0,0,1,0,0,0
0,0.1875,0.0,0,0,0,0,1,0,0,0,0,0,0,1,0,0,0,0,0,0,0,0
0,0.3125,0.0,0,0,0,0,0,0,0,0,1,0,0,0,0,0,0,0,1,0,0,0
0,0.21875,0.0,0,0,0,0,1,0,0,0,0,0,0,1,0,0,0,0,0,0,0,0
0,0.53125,0.0,0,0,0,0,0,1,0,0,0,0,0,0,0,0,0,0,1,0,0,0
0,0.3125,0.0,0,0,1,0,0,0,0,0,0,0,0,0,0,0,0,0,1,0,0,0
0,0.40625,0.0,0,0,1,0,0,0,0,0,0,0,0,0,0,0,0,0,1,0,0,0
0,0.5,0.0,0,0,1,0,0,0,0,0,0,0,0,1,0,0,0,0,0,0,0,0
0,0.34375,0.0,0,0,0,0,0,0,0,0,0,1,0,0,0,0,0,0,1,0,0,0
0,0.15625,0.07407407407407407,0,0,1,0,0,0,0,0,0,0,0,1,0,0,0,0,0,0,0,0
0,0.46875,0.0,0,0,1,0,0,0,0,0,0,0,0,0,0,0,0,0,1,0,0,0
0,0.40625,0.0,0,0,1,0,0,0,0,0,0,0,0,1,0,0,0,0,0,0,0,0
0,0.75,0.0,0,0,1,0,0,0,0,0,0,0,0,0,0,0,0,0,1,0,0,0
0,0.1875,0.0,0,0,0,0,0,0,1,0,0,0,0,1,0,0,0,0,0,0,0,0
0,0.21875,0.0,0,0,1,0,0,0,0,0,0,0,0,0,0,0,0,0,1,0,0,0
0,0.59375,0.0,0,0,1,0,0,0,0,0,0,0,0,1,0,0,0,0,0,0,0,0
0,0.40625,0.0,0,0,0,0,0,0,0,0,0,0,1,0,0,0,0,0,1,0,0,0
0,0.34375,0.0,0,0,1,0,0,0,0,0,0,0,0,0,0,0,0,0,1,0,0,0
0,0.25,0.0,0,0,1,0,0,0,0,0,0,0,0,1,0,0,0,0,0,0,0,0
0,0.3125,0.037037037037037035,0,0,1,0,0,0,0,0,0,0,0,1,0,0,0,0,0,0,0,0
0,0.34375,0.0,0,0,1,0,0,0,0,0,0,0,0,0,0,0,0,0,1,0,0,0
0,0.3125,0.0,0,0,0,0,0,0,0,0,1,0,0,0,0,0,0,0,1,0,0,0
0,0.4375,0.0,0,0,1,0,0,0,0,0,0,0,0,0,0,0,0,0,1,0,0,0
0,0.21875,0.0,0,0,0,0,1,0,0,0,0,0,0,0,0,0,0,0,1,0,0,0
0,0.21875,0.0,0,0,1,0,0,0,0,0,0,0,0,1,0,0,0,0,0,0,0,0
0,0.21875,0.0,0,0,1,0,0,0,0,0,0,0,0,0,0,0,0,0,1,0,0,0
0,0.34375,0.0,0,0,1,0,0,0,0,0,0,0,0,0,0,0,0,0,1,0,0,0
0,0.28125,0.0,0,0,1,0,0,0,0,0,0,0,0,0,0,0,0,0,1,0,0,0
0,0.28125,0.0,0,0,0,0,0,0,0,0,1,0,0,1,0,0,0,0,0,0,0,0
0,0.21875,0.0,0,0,0,0,0,0,0,1,0,0,0,1,0,0,0,0,0,0,0,0
0,0.375,0.0,0,0,1,0,0,0,0,0,0,0,0,1,0,0,0,0,0,0,0,0
0,0.375,0.0,0,0,1,0,0,0,0,0,0,0,0,0,0,0,0,0,1,0,0,0
0,0.125,0.0,0,0,0,1,0,0,0,0,0,0,0,1,0,0,0,0,0,0,0,0
0,0.34375,0.0,0,0,1,0,0,0,0,0,0,0,0,1,0,0,0,0,0,0,0,0
0,0.3125,0.0,0,0,1,0,0,0,0,0,0,0,0,1,0,0,0,0,0,0,0,0
0,0.1875,0.0,0,0,1,0,0,0,0,0,0,0,0,1,0,0,0,0,0,0,0,0
0,0.40625,0.0,0,0,1,0,0,0,0,0,0,0,0,1,0,0,0,0,0,0,0,0
0,0.09375,0.037037037037037035,0,0,1,0,0,0,0,0,0,0,0,1,0,0,0,0,0,0,0,0
0,0.96875,0.0,0,0,1,0,0,0,0,0,0,0,0,0,0,0,0,0,1,0,0,0
0,0.25,0.0,0,0,1,0,0,0,0,0,0,0,0,0,0,0,0,0,1,0,0,0
0,0.5625,0.0,0,0,1,0,0,0,0,0,0,0,0,0,0,0,0,0,1,0,0,0
0,0.28125,0.0,0,0,1,0,0,0,0,0,0,0,0,0,0,0,0,0,1,0,0,0
0,0.5,0.0,0,0,1,0,0,0,0,0,0,0,0,1,0,0,0,0,0,0,0,0
0,0.4375,0.0,0,0,1,0,0,0,0,0,0,0,0,0,0,0,0,0,1,0,0,0
0,0.4375,0.0,0,0,0,0,0,0,0,0,0,0,1,0,0,0,0,0,1,0,0,0
0,0.15625,0.0,0,0,1,0,0,0,0,0,0,0,0,1,0,0,0,0,0,0,0,0
0,0.46875,0.0,0,0,0,0,1,0,0,0,0,0,0,0,0,0,0,0,1,0,0,0
0,0.3125,0.0,0,0,0,0,1,0,0,0,0,0,0,0,0,0,0,0,1,0,0,0
0,0.25,0.0,0,0,1,0,0,0,0,0,0,0,0,0,0,0,0,0,1,0,0,0
0,0.34375,0.0,0,0,1,0,0,0,0,0,0,0,0,0,0,0,0,0,1,0,0,0
0,0.375,0.0,0,0,0,0,0,0,0,0,0,1,0,0,0,0,0,0,1,0,0,0
0,0.21875,0.0,0,0,1,0,0,0,0,0,0,0,0,1,0,0,0,0,0,0,0,0
0,0.21875,0.0,0,0,1,0,0,0,0,0,0,0,0,0,0,0,0,0,1,0,0,0
0,0.25,0.037037037037037035,0,0,1,0,0,0,0,0,0,0,0,0,0,0,0,0,1,0,0,0
0,0.3125,0.0,0,1,0,0,0,0,0,0,0,0,0,0,0,0,0,0,1,0,0,0
0,0.25,0.0,0,0,1,0,0,0,0,0,0,0,0,0,0,0,0,0,1,0,0,0
0,0.25,0.0,0,0,1,0,0,0,0,0,0,0,0,1,0,0,0,0,0,0,0,0
0,0.6875,0.0,0,0,0,0,0,0,0,0,1,0,0,1,0,0,0,0,0,0,0,0
0,0.46875,0.0,0,0,1,0,0,0,0,0,0,0,0,1,0,0,0,0,0,0,0,0
0,0.21875,0.0,0,0,0,0,0,0,0,0,0,1,0,0,0,0,0,0,1,0,0,0
0,0.375,0.0,0,0,1,0,0,0,0,0,0,0,0,0,0,0,0,0,1,0,0,0
0,0.21875,0.0,0,1,0,0,0,0,0,0,0,0,0,0,0,0,0,0,1,0,0,0
0,0.40625,0.0,0,0,1,0,0,0,0,0,0,0,0,1,0,0,0,0,0,0,0,0
0,0.40625,0.0,0,0,1,0,0,0,0,0,0,0,0,1,0,0,0,0,0,0,0,0
0,0.375,0.0,0,0,1,0,0,0,0,0,0,0,0,0,0,0,0,0,1,0,0,0
0,0.125,0.0,0,0,1,0,0,0,0,0,0,0,0,1,0,0,0,0,0,0,0,0
0,0.375,0.0,0,0,1,0,0,0,0,0,0,0,0,0,0,0,0,0,1,0,0,0
0,0.3125,0.0,0,0,0,0,1,0,0,0,0,0,0,1,0,0,0,0,0,0,0,0
0,0.25,0.0,0,0,1,0,0,0,0,0,0,0,0,1,0,0,0,0,0,0,0,0
0,0.21875,0.0,0,0,0,0,0,0,0,0,0,1,0,0,0,0,0,0,1,0,0,0
0,0.40625,0.0,1,0,0,0,0,0,0,0,0,0,0,1,0,0,0,0,0,0,0,0
0,0.3125,0.0,0,0,0,0,0,0,0,0,1,0,0,1,0,0,0,0,0,0,0,0
0,0.09375,0.0,0,0,0,0,0,0,0,0,1,0,0,1,0,0,0,0,0,0,0,0
0,0.1875,0.037037037037037035,0,0,1,0,0,0,0,0,0,0,0,0,0,0,0,0,1,0,0,0
0,0.46875,0.0,0,0,1,0,0,0,0,0,0,0,0,1,0,0,0,0,0,0,0,0
0,0.46875,0.0,0,0,0,0,0,0,1,0,0,0,0,0,0,0,0,0,1,0,0,0
0,0.25,0.0,0,0,1,0,0,0,0,0,0,0,0,0,0,0,0,0,1,0,0,0
0,0.0,0.14814814814814814,0,0,1,0,0,0,0,0,0,0,0,1,0,0,0,0,0,0,0,0
0,0.25,0.0,0,0,1,0,0,0,0,0,0,0,0,0,0,0,0,0,1,0,0,0
0,0.375,0.0,0,0,1,0,0,0,0,0,0,0,0,0,0,0,0,0,1,0,0,0
0,0.3125,0.0,0,0,1,0,0,0,0,0,0,0,0,1,0,0,0,0,0,0,0,0
0,0.0625,0.07407407407407407,0,0,1,0,0,0,0,0,0,0,0,1,0,0,0,0,0,0,0,0
0,0.1875,0.0,0,0,1,0,0,0,0,0,0,0,0,1,0,0,0,0,0,0,0,0
0,0.09375,0.07407407407407407,0,0,1,0,0,0,0,0,0,0,0,1,0,0,0,0,0,0,0,0
0,0.46875,0.0,0,0,1,0,0,0,0,0,0,0,0,0,0,0,0,0,1,0,0,0
